,Link
0,https://www.grailed.com/sold/8KcXDGJDKA
1,https://www.grailed.com/sold/xbin7AfE6g
2,https://www.grailed.com/sold/jeiJFuXD7g
3,https://www.grailed.com/sold/5DSq2kwjDQ
4,https://www.grailed.com/sold/h8m5tuivCA
5,https://www.grailed.com/sold/VAvjScMhog
6,https://www.grailed.com/sold/7IecnuAofg
7,https://www.grailed.com/sold/U3OvDdQbBw
8,https://www.grailed.com/sold/TMT5WCA9lg
9,https://www.grailed.com/sold/kJHusLERcw
10,https://www.grailed.com/sold
11,https://www.grailed.com/sold/akNpTlF9LA
12,https://www.grailed.com/sold/W6t5ogSw0g
13,https://www.grailed.com/sold/lsVmW2yuaw
14,https://www.grailed.com/sold/u7M_ttsIiA
15,https://www.grailed.com/sold/ukbUsAQVLA
16,https://www.grailed.com/sold/e9cehzBxig
17,https://www.grailed.com/sold/bJGPNYZ7nw
18,https://www.grailed.com/sold/na4JQqa1JQ
19,https://www.grailed.com/sold/Yr3wVBL9Kw
20,https://www.grailed.com/sold/NE1SshOgYw
21,https://www.grailed.com/sold/l7N9ulbSig
22,https://www.grailed.com/sold/uR5nNgKL-Q
23,https://www.grailed.com/sold/9Qla6su9iQ
24,https://www.grailed.com/sold/LBB1a2oiyA
25,https://www.grailed.com/sold/kSocBFStzw
26,https://www.grailed.com/sold/LZRfB0WjNw
27,https://www.grailed.com/sold/YyMz6Z_mTQ
28,https://www.grailed.com/sold/tcWb7b_ZGA
29,https://www.grailed.com/sold/pwFGco51fw
30,https://www.grailed.com/sold/AkpKSBgxtg
31,https://www.grailed.com/sold/ctujK4A-zg
32,https://www.grailed.com/sold/241bq6gJ9A
33,https://www.grailed.com/sold/Thy0uQ08Qw
34,https://www.grailed.com/sold/QmPDIewFQg
35,https://www.grailed.com/sold/kApaKDyS6Q
36,https://www.grailed.com/sold/h9bTt6tQvg
37,https://www.grailed.com/sold/0Jn-pDKtHw
38,https://www.grailed.com/sold/WRKUT5ssFA
39,https://www.grailed.com/sold/_QyZnl9lRQ
40,https://www.grailed.com/sold/zP_0mcOGsg
41,https://www.grailed.com/sold/gPQWjtaxqw
42,https://www.grailed.com/sold/ePCGDsfjMA
43,https://www.grailed.com/sold/hAEETxumrw
44,https://www.grailed.com/sold/t9OaCLn4Bw
45,https://www.grailed.com/sold/CtuBhY7ULQ
46,https://www.grailed.com/sold/U8hZ0xW9KA
47,https://www.grailed.com/sold/0rE1RY_UAQ
48,https://www.grailed.com/sold/uC1JmgCGew
49,https://www.grailed.com/sold/Ms7_4sRsow
50,https://www.grailed.com/sold/nh5JemGTPw
51,https://www.grailed.com/sold/KWVA74Z7Cg
52,https://www.grailed.com/sold/4_Zm3_taxg
53,https://www.grailed.com/sold/RQ4AMz2iHw
54,https://www.grailed.com/sold/8MyXUHU-2g
55,https://www.grailed.com/sold/aytXHCgUSQ
56,https://www.grailed.com/sold/QpDmKUjtHw
57,https://www.grailed.com/sold/BcYBhrEhyw
58,https://www.grailed.com/sold/mxFOc0KpdA
59,https://www.grailed.com/sold/7m_c_ngRdA
60,https://www.grailed.com/sold/LR59niWgVA
61,https://www.grailed.com/sold/ZklE-0OLzA
62,https://www.grailed.com/sold/dLr-J04M7A
63,https://www.grailed.com/sold/vdzWQVUUTw
64,https://www.grailed.com/sold/QrK8ZTui6Q
65,https://www.grailed.com/sold/SLKtWgRF5w
66,https://www.grailed.com/sold/BU2YmQivgQ
67,https://www.grailed.com/sold/uf0Ykv31kw
68,https://www.grailed.com/sold/MAoT9XyOjA
69,https://www.grailed.com/sold/tTgkD7JVnQ
70,https://www.grailed.com/sold/4dF8lnPMVg
71,https://www.grailed.com/sold/rTOTpmgQHA
72,https://www.grailed.com/sold/sEdVB2BPPQ
73,https://www.grailed.com/sold/8bVkFfNBwA
74,https://www.grailed.com/sold/PzDU5U9ruw
75,https://www.grailed.com/sold/25ZfxQ9KSA
76,https://www.grailed.com/sold/826eVJbQGA
77,https://www.grailed.com/sold/TfiqksdXWA
78,https://www.grailed.com/sold/ahEb5C88Gw
79,https://www.grailed.com/sold/YuOFKCv1kw
80,https://www.grailed.com/sold/_ZERytGUfQ
81,https://www.grailed.com/sold/clBGZ2RvUw
82,https://www.grailed.com/sold/esdDOwILjA
83,https://www.grailed.com/sold/x6Uq7sDoaQ
84,https://www.grailed.com/sold/h2l5BEqhQA
85,https://www.grailed.com/sold/Fu-kO0U_pA
86,https://www.grailed.com/sold/t3fnTFgLeg
87,https://www.grailed.com/sold/_aMk8S2F5A
88,https://www.grailed.com/sold/d7XI4TQDqg
89,https://www.grailed.com/sold/3rCmtvuvMg
90,https://www.grailed.com/sold/kPPuAGmdDQ
91,https://www.grailed.com/sold/npE8gtOTIA
92,https://www.grailed.com/sold/-A0wOot1iQ
93,https://www.grailed.com/sold/VSpWmYla7Q
94,https://www.grailed.com/sold/6YXHQsFZ8w
95,https://www.grailed.com/sold/kn1okcJh1g
96,https://www.grailed.com/sold/8niJ19WAWw
97,https://www.grailed.com/sold/cwpO3pNVbw
98,https://www.grailed.com/sold/8TSfY3LyQw
99,https://www.grailed.com/sold/BXIaBSYcMA
100,https://www.grailed.com/sold/WayhfJgLaw
101,https://www.grailed.com/sold/SCOvcq7PXA
102,https://www.grailed.com/sold/F7mAnTyf7Q
103,https://www.grailed.com/sold/zGnMG1ftwA
104,https://www.grailed.com/sold/rvlW34Cr2g
105,https://www.grailed.com/sold/mtEC9PxyCQ
106,https://www.grailed.com/sold/Dtd0BRcCiw
107,https://www.grailed.com/sold/LqHg9zEgPg
108,https://www.grailed.com/sold/nhjnJ2e0bg
109,https://www.grailed.com/sold/Jz_J2TGjMw
110,https://www.grailed.com/sold/L1tOWHrmiQ
111,https://www.grailed.com/sold/_g_mLCqqdw
112,https://www.grailed.com/sold
113,https://www.grailed.com/sold/uERKg3P6og
114,https://www.grailed.com/sold/EjbUqM_vGQ
115,https://www.grailed.com/sold/ID76vFGnCA
116,https://www.grailed.com/sold/ofVdPgRa-Q
117,https://www.grailed.com/sold/rSnkHJ5Mng
118,https://www.grailed.com/sold/xwGZnFgcbg
119,https://www.grailed.com/sold/kaposka5yw
120,https://www.grailed.com/sold
121,https://www.grailed.com/sold/ZmNADzlDUw
122,https://www.grailed.com/sold/uLUl10qS9A
123,https://www.grailed.com/sold/BqxFjcb6Vw
124,https://www.grailed.com/sold/d7RBjRXbUA
125,https://www.grailed.com/sold/mrmRnULSog
126,https://www.grailed.com/sold/Gfd8Fx164A
127,https://www.grailed.com/sold/0MGFYoxKCA
128,https://www.grailed.com/sold/OUsbn-MITA
129,https://www.grailed.com/sold/eySDnabJ1A
130,https://www.grailed.com/sold/51ofeXQ9_g
131,https://www.grailed.com/sold/SCffQZ5aiw
132,https://www.grailed.com/sold/NFT45cyNsA
133,https://www.grailed.com/sold/ygjHzQKh9w
134,https://www.grailed.com/sold/4Ako9ieDpg
135,https://www.grailed.com/sold/NeLUEV6LJw
136,https://www.grailed.com/sold/RCkilVw8NA
137,https://www.grailed.com/sold/Nj3CAvKmWQ
138,https://www.grailed.com/sold/NLkl8hcISA
139,https://www.grailed.com/sold/FsPDlqaT3A
140,https://www.grailed.com/sold/Y992e8vWgw
141,https://www.grailed.com/sold/A-MWawAc_A
142,https://www.grailed.com/sold/ECioIsP3HA
143,https://www.grailed.com/sold/iz8XGl-gkQ
144,https://www.grailed.com/sold/Zc7YFKMsAQ
145,https://www.grailed.com/sold/7KSxY96X_w
146,https://www.grailed.com/sold/srCiDTCqsw
147,https://www.grailed.com/sold/Zjth22sXLQ
148,https://www.grailed.com/sold/satK_6aSDg
149,https://www.grailed.com/sold/MGvIVrxcPg
150,https://www.grailed.com/sold/v5QkCnt22g
151,https://www.grailed.com/sold/zJzqem_mzw
152,https://www.grailed.com/sold/BD3TtS26nw
153,https://www.grailed.com/sold/XRPQUazPQA
154,https://www.grailed.com/sold/kSCuINw-hA
155,https://www.grailed.com/sold/SEXrUaZpig
156,https://www.grailed.com/sold/BwtDoCa1Qw
157,https://www.grailed.com/sold/6swO3y21kA
158,https://www.grailed.com/sold/RxJ869hN5g
159,https://www.grailed.com/sold/u7l7gpoRYg
160,https://www.grailed.com/sold/DHfIEnvQsA
161,https://www.grailed.com/sold/WI-3LZffMw
162,https://www.grailed.com/sold/eJR17X2FIw
163,https://www.grailed.com/sold/s2ArWMIQPw
164,https://www.grailed.com/sold/6NZR5HjubA
165,https://www.grailed.com/sold/APgUoH2LUQ
166,https://www.grailed.com/sold/Epf7IjJ2Kg
167,https://www.grailed.com/sold/Lig_3VttaQ
168,https://www.grailed.com/sold/3tLEnDGm5A
169,https://www.grailed.com/sold/VxbWnY95lA
170,https://www.grailed.com/sold/xOMZL7kpqw
171,https://www.grailed.com/sold/kzoBrEthzw
172,https://www.grailed.com/sold/oR8cfaVxrw
173,https://www.grailed.com/sold/6py9XZECTQ
174,https://www.grailed.com/sold/YDe6AJmdvQ
175,https://www.grailed.com/sold/xLuuc7yBsQ
176,https://www.grailed.com/sold/QNvZta-J9w
177,https://www.grailed.com/sold/0N-eiz4jtw
178,https://www.grailed.com/sold
179,https://www.grailed.com/sold/Mij5Z6LM5w
180,https://www.grailed.com/sold/Lsl5QUOrBA
181,https://www.grailed.com/sold/nzaHnH9uSw
182,https://www.grailed.com/sold/KrC5MvF3Dw
183,https://www.grailed.com/sold/eYeqApgDoQ
184,https://www.grailed.com/sold/gwbQQbvTQQ
185,https://www.grailed.com/sold/Bwo-mbCLqA
186,https://www.grailed.com/sold/LOn6UVS2Jw
187,https://www.grailed.com/sold/wCwiLh5Tvw
188,https://www.grailed.com/sold/IgxJez5ifQ
189,https://www.grailed.com/sold/7acbkRSi7g
190,https://www.grailed.com/sold/Nth4Z4534g
191,https://www.grailed.com/sold/-vUqP-tLSQ
192,https://www.grailed.com/sold/BQ8EKyP56Q
193,https://www.grailed.com/sold/EYYRElOf8g
194,https://www.grailed.com/sold/35bioPxc5Q
195,https://www.grailed.com/sold/Rn43IUOr-w
196,https://www.grailed.com/sold/dWl16ooH3Q
197,https://www.grailed.com/sold/E9eKj4ynkg
198,https://www.grailed.com/sold/Q0Zsdla7tg
199,https://www.grailed.com/sold/yBpTJKJfFg
200,https://www.grailed.com/sold/5IYvBwFn6w
201,https://www.grailed.com/sold/PwdP-7pkdw
202,https://www.grailed.com/sold/DZ1u2-zK2w
203,https://www.grailed.com/sold/Xd96b1uLrg
204,https://www.grailed.com/sold/w0_d0Io0ng
205,https://www.grailed.com/sold/lT8ZDxKApw
206,https://www.grailed.com/sold/SWjhNHjkvw
207,https://www.grailed.com/sold/CfEFEqSFkQ
208,https://www.grailed.com/sold/zK6QAoj6jA
209,https://www.grailed.com/sold/IVfh0wjcfg
210,https://www.grailed.com/sold/YwRlMQsWXA
211,https://www.grailed.com/sold/9E2AIQbrUA
212,https://www.grailed.com/sold/uRmXS1MkjQ
213,https://www.grailed.com/sold/tXLV3Ks4pA
214,https://www.grailed.com/sold/kBgNAQpaBg
215,https://www.grailed.com/sold/YE4NX69wKQ
216,https://www.grailed.com/sold/Np6qelomYA
217,https://www.grailed.com/sold/j1-MUpIAfw
218,https://www.grailed.com/sold/_k-3An1Qtg
219,https://www.grailed.com/sold/sWSULfk-TA
220,https://www.grailed.com/sold/dQEIFPsEmg
221,https://www.grailed.com/sold/odUksTSM-g
222,https://www.grailed.com/sold/tAILxRI8iQ
223,https://www.grailed.com/sold/iEMPJDTOfg
224,https://www.grailed.com/sold/8tEa5QGU6Q
225,https://www.grailed.com/sold/qsOcffC01A
226,https://www.grailed.com/sold/XmWxspmUHA
227,https://www.grailed.com/sold/AJ4PIecLQQ
228,https://www.grailed.com/sold/Uz6pOhyTaw
229,https://www.grailed.com/sold/aKyZb1ovjg
230,https://www.grailed.com/sold/mIy_QMXYbw
231,https://www.grailed.com/sold/HFwCaHvSkQ
232,https://www.grailed.com/sold/xkbKZmC6yg
233,https://www.grailed.com/sold/4_-UkcCxxg
234,https://www.grailed.com/sold/ru1B8IJ48A
235,https://www.grailed.com/sold/w-BpMv7lFQ
236,https://www.grailed.com/sold/VJtqLR-0Zw
237,https://www.grailed.com/sold/cPVp2zdDUw
238,https://www.grailed.com/sold/otxrsdHoIA
239,https://www.grailed.com/sold/Yr24nRB-IQ
240,https://www.grailed.com/sold/rj54JobPhQ
241,https://www.grailed.com/sold/U6tiy16wJA
242,https://www.grailed.com/sold/TpbCMHXyqQ
243,https://www.grailed.com/sold/z_PTap8PIQ
244,https://www.grailed.com/sold/KIuAli3c2Q
245,https://www.grailed.com/sold/Xp5bESKkSA
246,https://www.grailed.com/sold/fGfEv9WJIw
247,https://www.grailed.com/sold/svaQGdsR8Q
248,https://www.grailed.com/sold/ceMGofN3hQ
249,https://www.grailed.com/sold/_DaTAzMYgA
250,https://www.grailed.com/sold/uJEwj_X6Bg
251,https://www.grailed.com/sold/qfRmxq82wA
252,https://www.grailed.com/sold/JkXONJ6X4w
253,https://www.grailed.com/sold/ceFcb_ojEg
254,https://www.grailed.com/sold/Te83WMq9Yw
255,https://www.grailed.com/sold/EBwm5vG4rw
256,https://www.grailed.com/sold/DQ29gvdAnw
257,https://www.grailed.com/sold/zh8jdnGguA
258,https://www.grailed.com/sold/k7ClamfUsg
259,https://www.grailed.com/sold/L-wJZmXqmg
260,https://www.grailed.com/sold/UJlZMbzqIQ
261,https://www.grailed.com/sold/oeRBCsEGpQ
262,https://www.grailed.com/sold/Gj5ifoxOLA
263,https://www.grailed.com/sold/j8m-THct1w
264,https://www.grailed.com/sold/s8UL6BFhUQ
265,https://www.grailed.com/sold/Q31rEgBMFw
266,https://www.grailed.com/sold/eOjSWixYiQ
267,https://www.grailed.com/sold/SsVw9j-H0A
268,https://www.grailed.com/sold/XdZWgZOs2Q
269,https://www.grailed.com/sold/4CyO-WDkFw
270,https://www.grailed.com/sold/hIcR9Z0ZNg
271,https://www.grailed.com/sold/M943PybzyQ
272,https://www.grailed.com/sold
273,https://www.grailed.com/sold/DdxxHJVOrg
274,https://www.grailed.com/sold/vbK6B_7gNQ
275,https://www.grailed.com/sold/cnj6ebRmcA
276,https://www.grailed.com/sold/DFPEyc_i5w
277,https://www.grailed.com/sold/yX9II__pbA
278,https://www.grailed.com/sold/BjLiy_RB_w
279,https://www.grailed.com/sold/6YWaSPL8vg
280,https://www.grailed.com/sold/WaIgUDbg9w
281,https://www.grailed.com/sold/y1SGnjPP-A
282,https://www.grailed.com/sold
283,https://www.grailed.com/sold/B-TC6NppIQ
284,https://www.grailed.com/sold/8XtF4rZhlQ
285,https://www.grailed.com/sold/EYwwHap_IA
286,https://www.grailed.com/sold/lE0aqXqQpg
287,https://www.grailed.com/sold/CuOaHx8JeA
288,https://www.grailed.com/sold/Ihy38KxJuw
289,https://www.grailed.com/sold/sYoqPXbwdg
290,https://www.grailed.com/sold/TqwLciJfbw
291,https://www.grailed.com/sold/jzFfVbsLXA
292,https://www.grailed.com/sold/UnnflTw-4w
293,https://www.grailed.com/sold/GAbJeHYm8g
294,https://www.grailed.com/sold/-rxZ8xXaGQ
295,https://www.grailed.com/sold/nAiSqTAmHQ
296,https://www.grailed.com/sold/8KfjESfe2g
297,https://www.grailed.com/sold/OzElq5YRKA
298,https://www.grailed.com/sold/R6b5kUEvHg
299,https://www.grailed.com/sold/vya1miX86Q
300,https://www.grailed.com/sold/_l1dhHW_7w
301,https://www.grailed.com/sold/Fs5j0rP_3Q
302,https://www.grailed.com/sold/qH_6YJaLVw
303,https://www.grailed.com/sold/fANJZIfS9g
304,https://www.grailed.com/sold/mVUJQ7YtOw
305,https://www.grailed.com/sold/RAWI7AkDHg
306,https://www.grailed.com/sold/BXsUcFxQKA
307,https://www.grailed.com/sold/YvuUGWlo_Q
308,https://www.grailed.com/sold/m1JIJhN6Zw
309,https://www.grailed.com/sold/6MSrTlcqpA
310,https://www.grailed.com/sold/Qb85kWlLRQ
311,https://www.grailed.com/sold/MTXJVjfZSw
312,https://www.grailed.com/sold/1QCSx980kg
313,https://www.grailed.com/sold/DmaK9buVaA
314,https://www.grailed.com/sold/SH2stV6ZlA
315,https://www.grailed.com/sold/CSLWKi5F6w
316,https://www.grailed.com/sold/mt-4y3xlhQ
317,https://www.grailed.com/sold/A-YXFRCTAA
318,https://www.grailed.com/sold/jIVPjmqk4g
319,https://www.grailed.com/sold/DhJkXCxWOw
320,https://www.grailed.com/sold/iDLTMM2L6g
321,https://www.grailed.com/sold/2LP2z6-JWA
322,https://www.grailed.com/sold/Y2AxTztcxA
323,https://www.grailed.com/sold/rfvkLopOsg
324,https://www.grailed.com/sold/hXL2hh8l_A
325,https://www.grailed.com/sold/Y_utW9NTyw
326,https://www.grailed.com/sold/DlSUI8oM_w
327,https://www.grailed.com/sold/m5y3a3IE7A
328,https://www.grailed.com/sold/f3yIPYJjTQ
329,https://www.grailed.com/sold/pxthbcg2zw
330,https://www.grailed.com/sold/uwKZdNcxJQ
331,https://www.grailed.com/sold/c6HYVxQ1Uw
332,https://www.grailed.com/sold/Ig98tGXtHw
333,https://www.grailed.com/sold/YePc27j0zg
334,https://www.grailed.com/sold/XxbBugoRzw
335,https://www.grailed.com/sold/JQ4lDBJbRA
336,https://www.grailed.com/sold/YrLxwkT2UA
337,https://www.grailed.com/sold/Hs9ukl1QCw
338,https://www.grailed.com/sold/QekjczuttQ
339,https://www.grailed.com/sold/AeV1elKuVw
340,https://www.grailed.com/sold/1zxfC2l3rg
341,https://www.grailed.com/sold/c5w2j3XryQ
342,https://www.grailed.com/sold/wX1QqQtS7w
343,https://www.grailed.com/sold/Qb0p9mu-xQ
344,https://www.grailed.com/sold/cOQNBLNAIQ
345,https://www.grailed.com/sold
346,https://www.grailed.com/sold/Hgr5UznqfA
347,https://www.grailed.com/sold/WkadKn4AkA
348,https://www.grailed.com/sold/Y9DNJAyYDQ
349,https://www.grailed.com/sold/o2aNB-2MAw
350,https://www.grailed.com/sold/v6WV2_LA3Q
351,https://www.grailed.com/sold/Y3-G1oqQlw
352,https://www.grailed.com/sold/waudnh1Vxw
353,https://www.grailed.com/sold/efiDr50u4Q
354,https://www.grailed.com/sold/4t84pZRWQw
355,https://www.grailed.com/sold/rcnQ8lqNDQ
356,https://www.grailed.com/sold/yLGAIFtMRg
357,https://www.grailed.com/sold/kkGaceZNig
358,https://www.grailed.com/sold/e3SlscBzCA
359,https://www.grailed.com/sold/hvENQk8COQ
360,https://www.grailed.com/sold/e-GUoFOeoA
361,https://www.grailed.com/sold/tAnLAbE_OA
362,https://www.grailed.com/sold/2D0hfHFRGA
363,https://www.grailed.com/sold/DGgw8G-D8w
364,https://www.grailed.com/sold/528yhLRjrQ
365,https://www.grailed.com/sold/1Isko2QWiQ
366,https://www.grailed.com/sold/Ma-kbMobKQ
367,https://www.grailed.com/sold/R0h_KWmgfQ
368,https://www.grailed.com/sold/dAdzDIoXRA
369,https://www.grailed.com/sold/HTl87Pqokg
370,https://www.grailed.com/sold/PPVFiGeVIQ
371,https://www.grailed.com/sold/XNcPoabbKQ
372,https://www.grailed.com/sold/etLHDS5JPg
373,https://www.grailed.com/sold/GQpUlGnzJA
374,https://www.grailed.com/sold/UXEVhZUgvw
375,https://www.grailed.com/sold/7Qji_CktpA
376,https://www.grailed.com/sold/WvfcaBaieQ
377,https://www.grailed.com/sold/p3Qeyneh7A
378,https://www.grailed.com/sold/iwsm5-OKUQ
379,https://www.grailed.com/sold/CEQJ1uDiKQ
380,https://www.grailed.com/sold/J0uzPx-kIQ
381,https://www.grailed.com/sold/LhTAS-boSQ
382,https://www.grailed.com/sold/7_Na_AJRNA
383,https://www.grailed.com/sold/8xtfnWsVNg
384,https://www.grailed.com/sold/owdJ-5NiUA
385,https://www.grailed.com/sold
386,https://www.grailed.com/sold/odDvNX5j5w
387,https://www.grailed.com/sold/qgMRwM5sgQ
388,https://www.grailed.com/sold/i_DXoJSRyw
389,https://www.grailed.com/sold/M6DrFYVxjg
390,https://www.grailed.com/sold/_YDswdpUaw
391,https://www.grailed.com/sold/APT3W9S2gA
392,https://www.grailed.com/sold/g5W8lLE9jA
393,https://www.grailed.com/sold
394,https://www.grailed.com/sold/7WfOTSdD9g
395,https://www.grailed.com/sold/cbyIufcigA
396,https://www.grailed.com/sold/dVm886O_Nw
397,https://www.grailed.com/sold/jFgjUwQmeA
398,https://www.grailed.com/sold/b8DoAb9IxA
399,https://www.grailed.com/sold/1W_BA_onAQ
400,https://www.grailed.com/sold/YVIrEzGG2g
401,https://www.grailed.com/sold/jNbkFmkFNw
402,https://www.grailed.com/sold/ittFXlWtvg
403,https://www.grailed.com/sold/IG_aot0WLQ
404,https://www.grailed.com/sold/zz3dS7REVQ
405,https://www.grailed.com/sold/F4HXw8oiCg
406,https://www.grailed.com/sold/v080A1KJJg
407,https://www.grailed.com/sold/tioCleigUQ
408,https://www.grailed.com/sold/Ez1oEFUxIw
409,https://www.grailed.com/sold/xYYuPYnaIw
410,https://www.grailed.com/sold/nwHdi7PrsA
411,https://www.grailed.com/sold/XtGrblp2nQ
412,https://www.grailed.com/sold/HSiScRPPEw
413,https://www.grailed.com/sold/EiBUWGpjRA
414,https://www.grailed.com/sold/uBWRMAJX6w
415,https://www.grailed.com/sold/yJkGT8ivRQ
416,https://www.grailed.com/sold/NuNpMkK22g
417,https://www.grailed.com/sold/dHMbbSUjNA
418,https://www.grailed.com/sold/e19A0Ts3lg
419,https://www.grailed.com/sold/PRuQ0xvmJg
420,https://www.grailed.com/sold/Vm0ya-qBVw
421,https://www.grailed.com/sold/hnSczY6OEw
422,https://www.grailed.com/sold/fcBZVy7TsA
423,https://www.grailed.com/sold/ocY0klnlwQ
424,https://www.grailed.com/sold/5MDICZ0ZTQ
425,https://www.grailed.com/sold/pnGTA39VvA
426,https://www.grailed.com/sold/fPt-DDt_yg
427,https://www.grailed.com/sold/pQKRwElwHA
428,https://www.grailed.com/sold/T0jVtswYdg
429,https://www.grailed.com/sold/M8gQ0Z1KKw
430,https://www.grailed.com/sold/YOtesPqkhw
431,https://www.grailed.com/sold/y4DRnW6u5A
432,https://www.grailed.com/sold/TlvoZwCDSg
433,https://www.grailed.com/sold
434,https://www.grailed.com/sold/RYVP7dHSAg
435,https://www.grailed.com/sold/cHHavnUM4g
436,https://www.grailed.com/sold/RoUTiEkFTw
437,https://www.grailed.com/sold/tzLASRfH_Q
438,https://www.grailed.com/sold/3W8dMo8jJQ
439,https://www.grailed.com/sold/BKY8FSBczQ
440,https://www.grailed.com/sold/CDYN2rQnUg
441,https://www.grailed.com/sold/iyX6ruyAFQ
442,https://www.grailed.com/sold/kb9SxTH49A
443,https://www.grailed.com/sold/sqeYLAjagA
444,https://www.grailed.com/sold/qD0qs5TQKQ
445,https://www.grailed.com/sold/sAhDdWOHNw
446,https://www.grailed.com/sold/e3R7S5BbYw
447,https://www.grailed.com/sold/dALP62BBjw
448,https://www.grailed.com/sold/5aulmOOOAg
449,https://www.grailed.com/sold/M7rS1-0wPA
450,https://www.grailed.com/sold/OGt6_e4_Fg
451,https://www.grailed.com/sold/Id8H-rkMcA
452,https://www.grailed.com/sold/UPiqDqxqfQ
453,https://www.grailed.com/sold/EsNJUTXI3Q
454,https://www.grailed.com/sold/SxZRaQOV_Q
455,https://www.grailed.com/sold/4gcc5kKVfw
456,https://www.grailed.com/sold/DCTFRghOow
457,https://www.grailed.com/sold/IoybT3iVSw
458,https://www.grailed.com/sold/Yr4VXw84zg
459,https://www.grailed.com/sold/h4BWxnl49A
460,https://www.grailed.com/sold/sLhIT6QK4g
461,https://www.grailed.com/sold/aXsyTHzYog
462,https://www.grailed.com/sold/f-bQRLmGvA
463,https://www.grailed.com/sold/s9la5Tt6wA
464,https://www.grailed.com/sold
465,https://www.grailed.com/sold/Ztu-6M_6Dg
466,https://www.grailed.com/sold/TTDK5duL_g
467,https://www.grailed.com/sold/Bh3oW0A3xw
468,https://www.grailed.com/sold/4_1LBNq3ww
469,https://www.grailed.com/sold/tHn1gBLo-A
470,https://www.grailed.com/sold/zFt1UcA0yw
471,https://www.grailed.com/sold/J5x9EPVWwQ
472,https://www.grailed.com/sold/frqE7gI1kw
473,https://www.grailed.com/sold/bpYG_pngqg
474,https://www.grailed.com/sold/cXh8ss912Q
475,https://www.grailed.com/sold/k2w9aLCWpw
476,https://www.grailed.com/sold/Ix9A_Xp94g
477,https://www.grailed.com/sold/rf_IQDnQSw
478,https://www.grailed.com/sold/PB_DqGZI7A
479,https://www.grailed.com/sold/XeSXJx65BQ
480,https://www.grailed.com/sold/uhyCp3HgVg
481,https://www.grailed.com/sold/xvSaV2hPIA
482,https://www.grailed.com/sold/254MNLXc1g
483,https://www.grailed.com/sold/tJdWIcH6fA
484,https://www.grailed.com/sold/IszUCgAsvA
485,https://www.grailed.com/sold/sCJ-5B9LJA
486,https://www.grailed.com/sold/6idcPiwqbA
487,https://www.grailed.com/sold/N1MWVfKomQ
488,https://www.grailed.com/sold/JIbd24eMjA
489,https://www.grailed.com/sold/H9GmFHH9Aw
490,https://www.grailed.com/sold/c2gYPvkbAA
491,https://www.grailed.com/sold/LIQyjevYyQ
492,https://www.grailed.com/sold/gMYDCA8ieg
493,https://www.grailed.com/sold/XlSCOfXjKQ
494,https://www.grailed.com/sold/nyqCDjsUqg
495,https://www.grailed.com/sold/o_tpXaVDrw
496,https://www.grailed.com/sold/z87guzPCfw
497,https://www.grailed.com/sold/I5gercHu-g
498,https://www.grailed.com/sold/_As5NLG4Bg
499,https://www.grailed.com/sold/OvJYlcUzIA
500,https://www.grailed.com/sold/T9cc8ChVXA
501,https://www.grailed.com/sold/l2a6G7IJKA
502,https://www.grailed.com/sold/aj9GBIbzMQ
503,https://www.grailed.com/sold/N3q3bNrkfA
504,https://www.grailed.com/sold/1DTCU9E55g
505,https://www.grailed.com/sold/LalrSCb5CQ
506,https://www.grailed.com/sold/qx41gTbZtQ
507,https://www.grailed.com/sold/k8I4Xwq-9g
508,https://www.grailed.com/sold/7ZUX_4ytYg
509,https://www.grailed.com/sold/8UEK97Ommg
510,https://www.grailed.com/sold/NG2uBRcxoQ
511,https://www.grailed.com/sold/6uh2k3NVaA
512,https://www.grailed.com/sold/bZ3NI9jlyg
513,https://www.grailed.com/sold/bTBlRw1blw
514,https://www.grailed.com/sold/8pbqoGPjCA
515,https://www.grailed.com/sold/WbZOJMmQZw
516,https://www.grailed.com/sold/yN3C2heG5w
517,https://www.grailed.com/sold/vEEHrbGi8g
518,https://www.grailed.com/sold/rPTbPdi7eA
519,https://www.grailed.com/sold/CZyAjAPKAQ
520,https://www.grailed.com/sold/D-4csVW38A
521,https://www.grailed.com/sold/LgR1YenSlA
522,https://www.grailed.com/sold/9v_1HvL4ag
523,https://www.grailed.com/sold/PsV-WiaMSA
524,https://www.grailed.com/sold/rKR02jVpaQ
525,https://www.grailed.com/sold/PAhuWZDf_A
526,https://www.grailed.com/sold/G147XUaxgg
527,https://www.grailed.com/sold/_dor1wBwcQ
528,https://www.grailed.com/sold/Ihr1LGnG2g
529,https://www.grailed.com/sold/p9ssr2bp2w
530,https://www.grailed.com/sold/iKQUOK79AQ
531,https://www.grailed.com/sold/eSjkDaqrbA
532,https://www.grailed.com/sold/6uUDGV-SQg
533,https://www.grailed.com/sold/18-I1AlUpg
534,https://www.grailed.com/sold/MNG1PJQI5g
535,https://www.grailed.com/sold/qi4zqROwSg
536,https://www.grailed.com/sold/OFRw3RmQBQ
537,https://www.grailed.com/sold/gtOF4LscHA
538,https://www.grailed.com/sold/JGbZn_g95Q
539,https://www.grailed.com/sold/64HM_iCOBQ
540,https://www.grailed.com/sold/CyfplpqB5A
541,https://www.grailed.com/sold/FlMV5mmyuA
542,https://www.grailed.com/sold/f9rjquqefA
543,https://www.grailed.com/sold/tDa_Oiy5Uw
544,https://www.grailed.com/sold/yU3kFHCn4w
545,https://www.grailed.com/sold/nRLXoDzXtw
546,https://www.grailed.com/sold/6zl0H0aNZA
547,https://www.grailed.com/sold/L5ZMWyo-4A
548,https://www.grailed.com/sold/qgcj6aWy5g
549,https://www.grailed.com/sold
550,https://www.grailed.com/sold/VIrqPpGQtA
551,https://www.grailed.com/sold/2cfyXnCmEA
552,https://www.grailed.com/sold/7p3nHsZAzg
553,https://www.grailed.com/sold/HfdPiJscag
554,https://www.grailed.com/sold/NPnserQmug
555,https://www.grailed.com/sold/MPSKkDTprg
556,https://www.grailed.com/sold/fkGGT9U5gQ
557,https://www.grailed.com/sold/RST8SKL8_g
558,https://www.grailed.com/sold/3tBnB-JpgA
559,https://www.grailed.com/sold/y1n2N1b0Qg
560,https://www.grailed.com/sold/zVhMhMPNQA
561,https://www.grailed.com/sold/ncEvTELVJQ
562,https://www.grailed.com/sold/4HaVYiZs5g
563,https://www.grailed.com/sold/8anyAC4-Tg
564,https://www.grailed.com/sold/POcJKneQWA
565,https://www.grailed.com/sold/V6ldk5hpiQ
566,https://www.grailed.com/sold/LkViQ-049g
567,https://www.grailed.com/sold/sjFisrVoxQ
568,https://www.grailed.com/sold/JvTqOawoUw
569,https://www.grailed.com/sold/k3wmUL5lZg
570,https://www.grailed.com/sold/IDoFtpkqsg
571,https://www.grailed.com/sold/_7yC5Z2zig
572,https://www.grailed.com/sold/1Wqe_h5VIQ
573,https://www.grailed.com/sold/uTzZxPZYmg
574,https://www.grailed.com/sold/1ZGzUXFWyA
575,https://www.grailed.com/sold/PfFMN5WbQg
576,https://www.grailed.com/sold/4P2IalpxOA
577,https://www.grailed.com/sold/_a__bKBEoA
578,https://www.grailed.com/sold/h8CcJxxlUw
579,https://www.grailed.com/sold/KIJXOBMzIQ
580,https://www.grailed.com/sold/uTguDUxm8g
581,https://www.grailed.com/sold/9BL6_CBPuA
582,https://www.grailed.com/sold/cQa0FZ7xsA
583,https://www.grailed.com/sold/2whTBiXrZw
584,https://www.grailed.com/sold/m0_QugP06Q
585,https://www.grailed.com/sold/uwGHsf7GPw
586,https://www.grailed.com/sold/OH04jqq80A
587,https://www.grailed.com/sold/0VEmG0Zp8g
588,https://www.grailed.com/sold/mK5UzF2URQ
589,https://www.grailed.com/sold/f2iRG2LFSg
590,https://www.grailed.com/sold/Kzorw6nvhg
591,https://www.grailed.com/sold/owwyaGFq5g
592,https://www.grailed.com/sold/o9eyGHSE7w
593,https://www.grailed.com/sold/ZxEyHjjH9Q
594,https://www.grailed.com/sold/ssGtbcJpeQ
595,https://www.grailed.com/sold/RaKaqHU3tw
596,https://www.grailed.com/sold/TLS235yLEw
597,https://www.grailed.com/sold/9Jol8XT-ig
598,https://www.grailed.com/sold/eMECTdRGLA
599,https://www.grailed.com/sold/38TTGt9aPA
600,https://www.grailed.com/sold/-wtloI193Q
601,https://www.grailed.com/sold/ejCXsik-Kw
602,https://www.grailed.com/sold/qrcjwsLEKQ
603,https://www.grailed.com/sold/1mpAPvM7DA
604,https://www.grailed.com/sold/Qp-3Oy0wvQ
605,https://www.grailed.com/sold/8L1NTraoKA
606,https://www.grailed.com/sold/SptqfOz5RA
607,https://www.grailed.com/sold/t1U3Y4PkHg
608,https://www.grailed.com/sold/hy-uGdsdhQ
609,https://www.grailed.com/sold/UgVNP9YReg
610,https://www.grailed.com/sold/wNdxHwLxdA
611,https://www.grailed.com/sold/yZvUoFrC3Q
612,https://www.grailed.com/sold/QYXSmsE58w
613,https://www.grailed.com/sold/YQtV7DqNeg
614,https://www.grailed.com/sold/NoN4neuAiA
615,https://www.grailed.com/sold/SbpHltt-Sg
616,https://www.grailed.com/sold/YyHMAIdfHQ
617,https://www.grailed.com/sold/-ziRAoaNpg
618,https://www.grailed.com/sold/uIfqsMgUvQ
619,https://www.grailed.com/sold/HF32uu4a_A
620,https://www.grailed.com/sold/3-CgyQdesg
621,https://www.grailed.com/sold/P4TZEvOsMA
622,https://www.grailed.com/sold/UYrW567FHw
623,https://www.grailed.com/sold/JNkjWLbwVw
624,https://www.grailed.com/sold/FdIzhSaSeA
625,https://www.grailed.com/sold/uiFc5I-sKA
626,https://www.grailed.com/sold/5LJD5bG32Q
627,https://www.grailed.com/sold/lhvmPs1pvg
628,https://www.grailed.com/sold/V7b-49DCFg
629,https://www.grailed.com/sold/fZlxXami-Q
630,https://www.grailed.com/sold/jPU97Odx0A
631,https://www.grailed.com/sold/HBCX0aezMA
632,https://www.grailed.com/sold/naZMGTsm-A
633,https://www.grailed.com/sold/0Qj0kJM81w
634,https://www.grailed.com/sold/aWxulMygdg
635,https://www.grailed.com/sold/IJ_5EaaIqA
636,https://www.grailed.com/sold/VgXqJP4P_A
637,https://www.grailed.com/sold/FhY3qpPEsQ
638,https://www.grailed.com/sold/5Sw4iw0ptw
639,https://www.grailed.com/sold/FaNuV5htmA
640,https://www.grailed.com/sold/1cQx2wPR0Q
641,https://www.grailed.com/sold/wGoMq0yExg
642,https://www.grailed.com/sold/SvA-umRqjg
643,https://www.grailed.com/sold/5Vw7iFnyHA
644,https://www.grailed.com/sold/PcquX625_Q
645,https://www.grailed.com/sold/RPOetDAqzA
646,https://www.grailed.com/sold/OYJVGZmEtg
647,https://www.grailed.com/sold/Sgh1Cj3Ovw
648,https://www.grailed.com/sold/CQ1r6N4aMg
649,https://www.grailed.com/sold/9zvl59cgGw
650,https://www.grailed.com/sold/1oVg1x4FEg
651,https://www.grailed.com/sold/S_GFMiLmvg
652,https://www.grailed.com/sold/URPtokMRUw
653,https://www.grailed.com/sold/i0BzNEU6HQ
654,https://www.grailed.com/sold
655,https://www.grailed.com/sold/xAxA1TCf4g
656,https://www.grailed.com/sold/ZnDU0P801A
657,https://www.grailed.com/sold/e-gBkRLVTQ
658,https://www.grailed.com/sold/aMqn2Le-0g
659,https://www.grailed.com/sold/0aa1UEbrOA
660,https://www.grailed.com/sold/p5yJmFYmdA
661,https://www.grailed.com/sold/mykNJWKlMw
662,https://www.grailed.com/sold/9qHqxqP_3A
663,https://www.grailed.com/sold/drtGr22VQQ
664,https://www.grailed.com/sold/VOOJcmAgcw
665,https://www.grailed.com/sold/l1mpug0V4A
666,https://www.grailed.com/sold/_XwGwQbRoA
667,https://www.grailed.com/sold/807mIA8RzA
668,https://www.grailed.com/sold/VJHJleJjKg
669,https://www.grailed.com/sold/9D0FAC-feQ
670,https://www.grailed.com/sold/hUZa-7lEVQ
671,https://www.grailed.com/sold/rGSZ1g_N5Q
672,https://www.grailed.com/sold/vkM2gjZKlA
673,https://www.grailed.com/sold/oWL-ch9PxA
674,https://www.grailed.com/sold/SeQHUa1rqQ
675,https://www.grailed.com/sold/LHkOCngeIA
676,https://www.grailed.com/sold/RKRtiS8PNQ
677,https://www.grailed.com/sold/pbTXp6UVxQ
678,https://www.grailed.com/sold/HPaa7xtXDA
679,https://www.grailed.com/sold/a1Dm9w0kVg
680,https://www.grailed.com/sold/YEKUSdUCsA
681,https://www.grailed.com/sold/8Tp1Lyc22w
682,https://www.grailed.com/sold/qBSnjcPodg
683,https://www.grailed.com/sold/fesCUB3OuA
684,https://www.grailed.com/sold/fatfYU2TzQ
685,https://www.grailed.com/sold/phfCklMEQg
686,https://www.grailed.com/sold/ywq5EJolWg
687,https://www.grailed.com/sold/39m2B7rLvQ
688,https://www.grailed.com/sold/wCQmubj8PA
689,https://www.grailed.com/sold/4HYj6J8Vsw
690,https://www.grailed.com/sold/BRuxwA34Eg
691,https://www.grailed.com/sold
692,https://www.grailed.com/sold/WbW6D5eZyg
693,https://www.grailed.com/sold/bspDR7Vd9g
694,https://www.grailed.com/sold/xmTmwnq_QQ
695,https://www.grailed.com/sold/1E_PC0u5CQ
696,https://www.grailed.com/sold/c2ik2FOCYg
697,https://www.grailed.com/sold/gDHSAYgfxA
698,https://www.grailed.com/sold/EBmK4Xyt8g
699,https://www.grailed.com/sold/rZ2l_WSk0A
700,https://www.grailed.com/sold/FjH97tz5eA
701,https://www.grailed.com/sold/IhZu2UNQpw
702,https://www.grailed.com/sold/nw-ERFqPyA
703,https://www.grailed.com/sold/DPefLjOHcg
704,https://www.grailed.com/sold/LcpLdoIxxQ
705,https://www.grailed.com/sold/JI8jXB7D3A
706,https://www.grailed.com/sold/U7yz1ClOjw
707,https://www.grailed.com/sold/9saTIevVJQ
708,https://www.grailed.com/sold/uz5yRL4nrg
709,https://www.grailed.com/sold/NUC27JPfbw
710,https://www.grailed.com/sold/Fz__ttP0SA
711,https://www.grailed.com/sold/dOAAgEn4Tw
712,https://www.grailed.com/sold/gHUQ0t35hQ
713,https://www.grailed.com/sold/eWbeJqjMeA
714,https://www.grailed.com/sold/D4uadjJYBA
715,https://www.grailed.com/sold/nlTW_xgTyQ
716,https://www.grailed.com/sold/y76MmhiJ2A
717,https://www.grailed.com/sold/WmL0hlfkzA
718,https://www.grailed.com/sold/cQQFSH1hWg
719,https://www.grailed.com/sold/ahpOBTQr4g
720,https://www.grailed.com/sold/RrN0Lz5bSg
721,https://www.grailed.com/sold/VYG6ftrn9w
722,https://www.grailed.com/sold/f0af7HPmuA
723,https://www.grailed.com/sold/QgSFHJdaLQ
724,https://www.grailed.com/sold/MQh7x3HbCw
725,https://www.grailed.com/sold/0VP55GRyVQ
726,https://www.grailed.com/sold/TMGEUkuB2Q
727,https://www.grailed.com/sold/-tHworulJQ
728,https://www.grailed.com/sold/r-ghpg8f6Q
729,https://www.grailed.com/sold/g39ammW2fA
730,https://www.grailed.com/sold/h0s50Fiz-A
731,https://www.grailed.com/sold/wcqKDmyWhQ
732,https://www.grailed.com/sold/62s7pmiq8Q
733,https://www.grailed.com/sold/ByKNQk2LjA
734,https://www.grailed.com/sold
735,https://www.grailed.com/sold/J9LYh0xcnA
736,https://www.grailed.com/sold/w359eJ94gw
737,https://www.grailed.com/sold/Nw9Kh6aKaQ
738,https://www.grailed.com/sold/Mq9m0wtzOQ
739,https://www.grailed.com/sold/OEY-5RakNw
740,https://www.grailed.com/sold/NVgrxnbP7A
741,https://www.grailed.com/sold/gawleKnLrQ
742,https://www.grailed.com/sold/twj7NabhNQ
743,https://www.grailed.com/sold/9s0LjJ7kfA
744,https://www.grailed.com/sold/M-9YsadneQ
745,https://www.grailed.com/sold/FLJj2gBSjg
746,https://www.grailed.com/sold/Eha7NoOebg
747,https://www.grailed.com/sold/u8kgeQLA5A
748,https://www.grailed.com/sold
749,https://www.grailed.com/sold/LrYfCMXKyw
750,https://www.grailed.com/sold/_F89QV21Wg
751,https://www.grailed.com/sold/Om6POYJF2w
752,https://www.grailed.com/sold/lphGGMNJIw
753,https://www.grailed.com/sold/v3MU-zHDWw
754,https://www.grailed.com/sold/XtEfGvQ5_A
755,https://www.grailed.com/sold/p6g-cHw-ow
756,https://www.grailed.com/sold/HprW-BxC5A
757,https://www.grailed.com/sold/VwasJic8LA
758,https://www.grailed.com/sold/evl45GbcVg
759,https://www.grailed.com/sold/32NXTeNmEQ
760,https://www.grailed.com/sold/WAjiljeBmA
761,https://www.grailed.com/sold/BfEniHui5Q
762,https://www.grailed.com/sold/SJtQWQwaTA
763,https://www.grailed.com/sold/G9vCKOIiVA
764,https://www.grailed.com/sold/saJst5-jqg
765,https://www.grailed.com/sold/PXZn8oQ1vQ
766,https://www.grailed.com/sold/nlMWC86zIA
767,https://www.grailed.com/sold/mzJKN1Dteg
768,https://www.grailed.com/sold/_qrEHwfCRg
769,https://www.grailed.com/sold/b1zrI4QR0g
770,https://www.grailed.com/sold/fffJ2OyErQ
771,https://www.grailed.com/sold/UaRE90G7OQ
772,https://www.grailed.com/sold/JKIwbUZgQw
773,https://www.grailed.com/sold/XG6Upvch4w
774,https://www.grailed.com/sold/MbDdiHX_tA
775,https://www.grailed.com/sold/g4jD_27zJA
776,https://www.grailed.com/sold/u9syF4E9rg
777,https://www.grailed.com/sold/H1FKHwooTA
778,https://www.grailed.com/sold/u-v_M2858g
779,https://www.grailed.com/sold/mE3fh43FoQ
780,https://www.grailed.com/sold/1VD4UGALwQ
781,https://www.grailed.com/sold/RaBLUZxJeA
782,https://www.grailed.com/sold/rgBlBeQ0Ag
783,https://www.grailed.com/sold/tJjntVo0kA
784,https://www.grailed.com/sold/29W23g5Eew
785,https://www.grailed.com/sold/HYHszaq33Q
786,https://www.grailed.com/sold/LqXRo_XMRg
787,https://www.grailed.com/sold/9pQy-bmmRA
788,https://www.grailed.com/sold/pF8Rdi-nYA
789,https://www.grailed.com/sold/FFZegYi0sg
790,https://www.grailed.com/sold/KP_6QpHhTQ
791,https://www.grailed.com/sold/CSLjcMbWwQ
792,https://www.grailed.com/sold/mi_NrXb6qA
793,https://www.grailed.com/sold/vGY65Aj1LQ
794,https://www.grailed.com/sold/n-97NzAWiA
795,https://www.grailed.com/sold/Z9s1CS6luw
796,https://www.grailed.com/sold/Em4M9IidUA
797,https://www.grailed.com/sold/YAinuZHgzQ
798,https://www.grailed.com/sold/AC88AYYtmg
799,https://www.grailed.com/sold/EKbHQQcqcg
800,https://www.grailed.com/sold/uUC3D-ALpw
801,https://www.grailed.com/sold/bMAI9jddSQ
802,https://www.grailed.com/sold/Lj0E1KrH7g
803,https://www.grailed.com/sold/O20wJzJoWw
804,https://www.grailed.com/sold/aS_zRg1ETw
805,https://www.grailed.com/sold/6IGNNQgk7g
806,https://www.grailed.com/sold/cxdbyPBOBw
807,https://www.grailed.com/sold/ekl22HE8wg
808,https://www.grailed.com/sold/w6yrER9DcQ
809,https://www.grailed.com/sold/Y0IYKv0NZA
810,https://www.grailed.com/sold/yV1AbYXpLA
811,https://www.grailed.com/sold/WLXkO_8trQ
812,https://www.grailed.com/sold/pBHBD3a99w
813,https://www.grailed.com/sold/N5cefwXb2g
814,https://www.grailed.com/sold/lWyEQbsIgw
815,https://www.grailed.com/sold/DcmvtJy6zQ
816,https://www.grailed.com/sold/njZ142uUqg
817,https://www.grailed.com/sold/wtz1ovrgPA
818,https://www.grailed.com/sold/ImUaZe8uUw
819,https://www.grailed.com/sold/C_6AjQv_Fw
820,https://www.grailed.com/sold/ZE5gDBbU0g
821,https://www.grailed.com/sold/VvlL76TNaA
822,https://www.grailed.com/sold/_2YGwGF3PA
823,https://www.grailed.com/sold/nQtSbGf32g
824,https://www.grailed.com/sold/UvqViOWIqg
825,https://www.grailed.com/sold/-Of5pfn85w
826,https://www.grailed.com/sold/kokljEIaEw
827,https://www.grailed.com/sold/xzCaiCZgng
828,https://www.grailed.com/sold/lhFjcSuuYg
829,https://www.grailed.com/sold/AuOji7t2sQ
830,https://www.grailed.com/sold/6HhB-pZ9Fw
831,https://www.grailed.com/sold/sEdzXoNuUw
832,https://www.grailed.com/sold/CadtMTLlVA
833,https://www.grailed.com/sold/boxRpzEdTg
834,https://www.grailed.com/sold/JdKddbBeHQ
835,https://www.grailed.com/sold/ld0YIlLQvQ
836,https://www.grailed.com/sold/g05PbyF6pw
837,https://www.grailed.com/sold/aORVWh-F3A
838,https://www.grailed.com/sold/DhrdEfBOwA
839,https://www.grailed.com/sold/i1byHbWeYg
840,https://www.grailed.com/sold/XC40tnWAGw
841,https://www.grailed.com/sold/GoxGklOxMg
842,https://www.grailed.com/sold/V6vVRPpozQ
843,https://www.grailed.com/sold/P05LpfxIjA
844,https://www.grailed.com/sold/dxLe4vK69Q
845,https://www.grailed.com/sold/3sm7naXFFw
846,https://www.grailed.com/sold/WcdrVEDvQg
847,https://www.grailed.com/sold/J-ZKa6z9rg
848,https://www.grailed.com/sold/ovEJZRY_7g
849,https://www.grailed.com/sold/n8ksNiqC4w
850,https://www.grailed.com/sold/elM30ysKkg
851,https://www.grailed.com/sold/9up6QKwyQg
852,https://www.grailed.com/sold/SJemgqMG9A
853,https://www.grailed.com/sold/m1Oej3eqTg
854,https://www.grailed.com/sold/7p9InwSuog
855,https://www.grailed.com/sold/fnCWL79eew
856,https://www.grailed.com/sold/foST30k3Mg
857,https://www.grailed.com/sold/95G40ROzAg
858,https://www.grailed.com/sold/w6RM0yR5Uw
859,https://www.grailed.com/sold/b_7eNKd0zA
860,https://www.grailed.com/sold/HRZoWw2-sA
861,https://www.grailed.com/sold/bVlwB7Iu6g
862,https://www.grailed.com/sold/m1KP_2YtUw
863,https://www.grailed.com/sold/fhIXKekWZw
864,https://www.grailed.com/sold/mOw-1TmLsg
865,https://www.grailed.com/sold/seS0j3a8zA
866,https://www.grailed.com/sold/7UBVyXGR1w
867,https://www.grailed.com/sold/MtF7lsrCvw
868,https://www.grailed.com/sold/EhWXlC7ZHg
869,https://www.grailed.com/sold/r3F6RczZtA
870,https://www.grailed.com/sold/hGCr4iK1uA
871,https://www.grailed.com/sold/v45fuD6Qrw
872,https://www.grailed.com/sold/5m-r47g5HQ
873,https://www.grailed.com/sold
874,https://www.grailed.com/sold/L5bCbwMC0A
875,https://www.grailed.com/sold/7Ef-50gl0Q
876,https://www.grailed.com/sold/goVbIHgqKw
877,https://www.grailed.com/sold/w3woKFNvXw
878,https://www.grailed.com/sold/TQqmDE-BFQ
879,https://www.grailed.com/sold/CvqB9YWkMg
880,https://www.grailed.com/sold/m0Vp7AF0gA
881,https://www.grailed.com/sold/jhAKKds34g
882,https://www.grailed.com/sold/Je6PW9LUMA
883,https://www.grailed.com/sold/vVXjdI_Yxg
884,https://www.grailed.com/sold/cs0VIK5bsw
885,https://www.grailed.com/sold/QWwhqt57mw
886,https://www.grailed.com/sold/14Q_-fGgXQ
887,https://www.grailed.com/sold/suss0jxScQ
888,https://www.grailed.com/sold/TLUTFV_ISQ
889,https://www.grailed.com/sold/LeAyNvXQ0A
890,https://www.grailed.com/sold/ik3UU5C_Tw
891,https://www.grailed.com/sold/SBIkvhpJww
892,https://www.grailed.com/sold/9hk47Oy5Ww
893,https://www.grailed.com/sold/amvOdTNDeQ
894,https://www.grailed.com/sold/yirlx9DmPw
895,https://www.grailed.com/sold/NH4tkscXUQ
896,https://www.grailed.com/sold/0ZAwq9j_ag
897,https://www.grailed.com/sold/rGnluiUhgA
898,https://www.grailed.com/sold/s_4GZ6Ziiw
899,https://www.grailed.com/sold/lB61g-BTvg
900,https://www.grailed.com/sold/DN-pxrzqcA
901,https://www.grailed.com/sold/C0TrANAyjg
902,https://www.grailed.com/sold/hOSDyB0csQ
903,https://www.grailed.com/sold/f5LMP8VMTg
904,https://www.grailed.com/sold/tr12iXTEzQ
905,https://www.grailed.com/sold/O5CZpCxa9g
906,https://www.grailed.com/sold/qUzcw3pDaQ
907,https://www.grailed.com/sold/WWlbl3-brQ
908,https://www.grailed.com/sold/np378GYrHw
909,https://www.grailed.com/sold/VUBa-52cig
910,https://www.grailed.com/sold/yb0PfPNyJw
911,https://www.grailed.com/sold/TSIUFU2gZw
912,https://www.grailed.com/sold/d1aQUi77iQ
913,https://www.grailed.com/sold/9YtnaX7rag
914,https://www.grailed.com/sold/uRgl4HVQlA
915,https://www.grailed.com/sold/12KkvnEvNQ
916,https://www.grailed.com/sold/rue60LBkSQ
917,https://www.grailed.com/sold/-z38To7C8A
918,https://www.grailed.com/sold/7GcfWqbUfg
919,https://www.grailed.com/sold/WvW9cRsLmg
920,https://www.grailed.com/sold/_O--gECCAw
921,https://www.grailed.com/sold/KSLnjTbsjA
922,https://www.grailed.com/sold/vQpGs1iLVw
923,https://www.grailed.com/sold/bnqXIAY_aQ
924,https://www.grailed.com/sold/kM5tuHx0CQ
925,https://www.grailed.com/sold/O-uTAdYe2w
926,https://www.grailed.com/sold/1GFQ57dgPw
927,https://www.grailed.com/sold/UHNtylMZfw
928,https://www.grailed.com/sold/tPMP434Rhg
929,https://www.grailed.com/sold/QM0JBOhokA
930,https://www.grailed.com/sold/_v7x9EKnGQ
931,https://www.grailed.com/sold/AjamSPbWug
932,https://www.grailed.com/sold/5Enx89m1Hg
933,https://www.grailed.com/sold/jxJGCT_MQw
934,https://www.grailed.com/sold/EFSmBOPXEQ
935,https://www.grailed.com/sold/0Y3M7v7CcQ
936,https://www.grailed.com/sold/Q81qplt07w
937,https://www.grailed.com/sold/2-ftjoyf2w
938,https://www.grailed.com/sold/XXf0MyPfbg
939,https://www.grailed.com/sold/J9aRpLK7Tw
940,https://www.grailed.com/sold/gXo5ci6tIQ
941,https://www.grailed.com/sold/r0HAEGh0xw
942,https://www.grailed.com/sold/7KcDQpzVrA
943,https://www.grailed.com/sold/Rkri4dFtpA
944,https://www.grailed.com/sold/Yma9o2aP2g
945,https://www.grailed.com/sold/LRuoqW2eIg
946,https://www.grailed.com/sold/vhVi64YY3Q
947,https://www.grailed.com/sold/rYfxL-wXDg
948,https://www.grailed.com/sold/NXC3mjfYKg
949,https://www.grailed.com/sold/g6WB6bbJQg
950,https://www.grailed.com/sold/7-m9xFd6Qw
951,https://www.grailed.com/sold/q6SIw8nukA
952,https://www.grailed.com/sold/-LN2m56Y7g
953,https://www.grailed.com/sold/qXMBjY22Pg
954,https://www.grailed.com/sold/1SiC1-qw1g
955,https://www.grailed.com/sold/u2vgsHlXqg
956,https://www.grailed.com/sold/SFLGactRMg
957,https://www.grailed.com/sold/yQc7t9rGWg
958,https://www.grailed.com/sold/LHDVJBvlOQ
959,https://www.grailed.com/sold/ShJRJT8rZw
960,https://www.grailed.com/sold
961,https://www.grailed.com/sold/CR6nn3AVAA
962,https://www.grailed.com/sold/eCxvhMkAxA
963,https://www.grailed.com/sold/iSZ1AUeWBw
964,https://www.grailed.com/sold/zyZ1Npz7Lw
965,https://www.grailed.com/sold/rNO7J2V8gA
966,https://www.grailed.com/sold/8xzKdNretQ
967,https://www.grailed.com/sold/wXp2fFA3Sw
968,https://www.grailed.com/sold/G7vpw44NoA
969,https://www.grailed.com/sold/TTXZ77AcMQ
970,https://www.grailed.com/sold/COOWGkrDpQ
971,https://www.grailed.com/sold/--OGt-3yMw
972,https://www.grailed.com/sold/Log57rjk7g
973,https://www.grailed.com/sold/86c44PPLyg
974,https://www.grailed.com/sold/LB_K3tmLsA
975,https://www.grailed.com/sold/n-rkyI02ew
976,https://www.grailed.com/sold/7clsPiZPMA
