,Link
0,https://www.grailed.com/sold/s2gMmF4MVA
1,https://www.grailed.com/sold/Aq63NJe1mg
2,https://www.grailed.com/sold/i_YVkJho0w
3,https://www.grailed.com/sold/ANZ1PLeBvQ
4,https://www.grailed.com/sold/yKlYH7cdzg
5,https://www.grailed.com/sold/lH_IAc7MbA
6,https://www.grailed.com/sold/4Yin6MHXMA
7,https://www.grailed.com/sold/yIGFdKb4tA
8,https://www.grailed.com/sold/XMopfiFTsg
9,https://www.grailed.com/sold/Dabv-6LzLw
10,https://www.grailed.com/sold/6LgF21yW9A
11,https://www.grailed.com/sold/cJ7FXElABA
12,https://www.grailed.com/sold/lao9SvcMYg
13,https://www.grailed.com/sold/F52P957C6A
14,https://www.grailed.com/sold/kZ4iDqlEsQ
15,https://www.grailed.com/sold/LWGIZy-69w
16,https://www.grailed.com/sold/ZUhD_yBJqQ
17,https://www.grailed.com/sold/qy9RT0RXSA
18,https://www.grailed.com/sold/Ehp1F31xZQ
19,https://www.grailed.com/sold/ZccSlcFbWQ
20,https://www.grailed.com/sold/1OBAFxO9uQ
21,https://www.grailed.com/sold/r5LJwBNgNA
22,https://www.grailed.com/sold/6MrPsh2Riw
23,https://www.grailed.com/sold/taPPoyeJEw
24,https://www.grailed.com/sold/RdZNxGjmRg
25,https://www.grailed.com/sold/GgZLJ_L58A
26,https://www.grailed.com/sold/y2nTlEoISQ
27,https://www.grailed.com/sold/mtEC9PxyCQ
28,https://www.grailed.com/sold/0N-eiz4jtw
29,https://www.grailed.com/sold/_YDswdpUaw
30,https://www.grailed.com/sold/-wtloI193Q
31,https://www.grailed.com/sold/XG6Upvch4w
32,https://www.grailed.com/sold/0N-eiz4jtw
33,https://www.grailed.com/sold/6MrPsh2Riw
34,https://www.grailed.com/sold/4Yin6MHXMA
35,https://www.grailed.com/sold/kZ4iDqlEsQ
36,https://www.grailed.com/sold/RdZNxGjmRg
37,https://www.grailed.com/sold/s2gMmF4MVA
38,https://www.grailed.com/sold/y2nTlEoISQ
39,https://www.grailed.com/sold/GgZLJ_L58A
40,https://www.grailed.com/sold/4E5x4x9rWQ
41,https://www.grailed.com/sold/5OEgpdUjoQ
42,https://www.grailed.com/sold/dA8jJkDg9w
43,https://www.grailed.com/sold/EAQ4H2-umA
44,https://www.grailed.com/sold/J5GU3nqkTg
45,https://www.grailed.com/sold/K03572Kq_A
46,https://www.grailed.com/sold/wkLs11qvCw
47,https://www.grailed.com/sold/CwQfxnu70g
48,https://www.grailed.com/sold/i66wXBqdcA
49,https://www.grailed.com/sold/nbFolKCkfA
50,https://www.grailed.com/sold/xjpGyXT7ZA
51,https://www.grailed.com/sold/hlO7LbGKqA
52,https://www.grailed.com/sold/MdOI-z8Dyw
53,https://www.grailed.com/sold/K0_rD7Ywcg
54,https://www.grailed.com/sold/WiNtvr4LpA
55,https://www.grailed.com/sold/k475mqVFMA
56,https://www.grailed.com/sold/jvpb_cwP5Q
57,https://www.grailed.com/sold/cUdQs-rpXg
58,https://www.grailed.com/sold/_QsfVIQrPg
59,https://www.grailed.com/sold/Pg0cAOdPGw
60,https://www.grailed.com/sold/945b0zs8Ew
61,https://www.grailed.com/sold/5nAQEpoUkQ
62,https://www.grailed.com/sold/ugDPmf6sfA
63,https://www.grailed.com/sold/T2_nhbW2Rw
64,https://www.grailed.com/sold/bjDH15wsZg
65,https://www.grailed.com/sold/0erBT4edgg
66,https://www.grailed.com/sold/Sqi2DBqskg
67,https://www.grailed.com/sold/_8IxgfJIuw
68,https://www.grailed.com/sold/3BuWgtNFZA
69,https://www.grailed.com/sold/OaaNGflKVg
70,https://www.grailed.com/sold/bc6DuZcNAg
71,https://www.grailed.com/sold/Q2iYx9wsyw
72,https://www.grailed.com/sold/uJlX3hxXWg
73,https://www.grailed.com/sold/vRecTnfAig
74,https://www.grailed.com/sold/GAJhuR2OKw
75,https://www.grailed.com/sold/2VH49i7Ovg
76,https://www.grailed.com/sold/yNpXmPHqMw
77,https://www.grailed.com/sold/4YYbrH4uEw
78,https://www.grailed.com/sold/v-atGBk89g
79,https://www.grailed.com/sold/akyHjNZ2cQ
80,https://www.grailed.com/sold/z_zEGc0Zlw
81,https://www.grailed.com/sold/aNO14h8pug
82,https://www.grailed.com/sold/9NSOD4Gk4Q
83,https://www.grailed.com/sold/ClkDO2OlqQ
84,https://www.grailed.com/sold/Qe48dKFdhg
85,https://www.grailed.com/sold/i9k7Zo01xg
86,https://www.grailed.com/sold/3tIknLWY-A
87,https://www.grailed.com/sold/kRCpiVHK_w
88,https://www.grailed.com/sold/WcLOM1fK2g
89,https://www.grailed.com/sold/p3TNcOjjFQ
90,https://www.grailed.com/sold/B-Fq0bciUg
91,https://www.grailed.com/sold/6zEGsbtEkA
92,https://www.grailed.com/sold/9OX9fN65IA
93,https://www.grailed.com/sold/g3W6_AXbDg
94,https://www.grailed.com/sold/pyo0tljTVQ
95,https://www.grailed.com/sold/b0KrAb5SHw
96,https://www.grailed.com/sold/QwkvQzXB_A
97,https://www.grailed.com/sold/W4LFE3sT5w
98,https://www.grailed.com/sold/Yir1z2UckA
99,https://www.grailed.com/sold/JX2qbd3Y8A
100,https://www.grailed.com/sold/NvKF27SfkA
101,https://www.grailed.com/sold/DP6rLlhowA
102,https://www.grailed.com/sold/TfQgWNafVQ
103,https://www.grailed.com/sold/-Yj9a89wTw
104,https://www.grailed.com/sold/T0M3_pvZmg
105,https://www.grailed.com/sold/Olo_d6oLgg
106,https://www.grailed.com/sold/UmorYJEXvA
107,https://www.grailed.com/sold/E3aA28eduA
108,https://www.grailed.com/sold/rQQ6pWBQcA
109,https://www.grailed.com/sold/Drz5EyCfwQ
110,https://www.grailed.com/sold/6rGFGcJw_w
111,https://www.grailed.com/sold/_uvOoBJZkQ
112,https://www.grailed.com/sold/Md6QAuPp3w
113,https://www.grailed.com/sold/VyGuxrIeIg
114,https://www.grailed.com/sold/Ry-39ted3A
115,https://www.grailed.com/sold/XbfM57iaCg
116,https://www.grailed.com/sold/7Z-R8_uwng
117,https://www.grailed.com/sold/1awnu1Ycrw
118,https://www.grailed.com/sold/AEJQIHQNIw
119,https://www.grailed.com/sold/nxHqFVJ3vw
120,https://www.grailed.com/sold/dBcBimHajQ
121,https://www.grailed.com/sold/1LkWXRQ_MQ
122,https://www.grailed.com/sold/w772sbjCqA
123,https://www.grailed.com/sold/1mGh3rJJdg
124,https://www.grailed.com/sold/IJdLHsI5fQ
125,https://www.grailed.com/sold/6MMVom8nZg
126,https://www.grailed.com/sold/bkuOi79fdw
127,https://www.grailed.com/sold/5hWoyZhv6A
128,https://www.grailed.com/sold/0IEaUGuddA
129,https://www.grailed.com/sold/Isk8up301w
130,https://www.grailed.com/sold/n82j1JInOA
131,https://www.grailed.com/sold/ar8CrXFbyA
132,https://www.grailed.com/sold/ueUTKdKxGQ
133,https://www.grailed.com/sold/fDs9V8vCVA
134,https://www.grailed.com/sold/jZDtE3Tbvg
135,https://www.grailed.com/sold/q6bqr7pNbw
136,https://www.grailed.com/sold/1E6g1tIhrw
137,https://www.grailed.com/sold/tzzy0rd4cA
138,https://www.grailed.com/sold/y0pjVNJwtg
139,https://www.grailed.com/sold/Vnp5yUqdOg
140,https://www.grailed.com/sold/Wsh8vUO2Mg
141,https://www.grailed.com/sold/ilL50ZLUWg
142,https://www.grailed.com/sold/AnO2Rgc4pQ
143,https://www.grailed.com/sold/8eFmKEGakw
144,https://www.grailed.com/sold/826gZNo_WA
145,https://www.grailed.com/sold/OIqAuZi4fQ
146,https://www.grailed.com/sold/q8mOKz0dmg
147,https://www.grailed.com/sold/6T6QhuCTMA
148,https://www.grailed.com/sold/tT1NXOLotQ
149,https://www.grailed.com/sold
150,https://www.grailed.com/sold/tMVxzdl5AQ
151,https://www.grailed.com/sold/_2xr2O3DlQ
152,https://www.grailed.com/sold/511REKyc7Q
153,https://www.grailed.com/sold/O70kSBPGfw
154,https://www.grailed.com/sold/AttWv6IH2w
155,https://www.grailed.com/sold/NSvF9YNZtw
156,https://www.grailed.com/sold/X-CMmrXxSw
157,https://www.grailed.com/sold/CsQkKNVxsg
158,https://www.grailed.com/sold/5o83hiZz6A
159,https://www.grailed.com/sold/ctqn9goEVA
160,https://www.grailed.com/sold/fdX9VbKe-w
161,https://www.grailed.com/sold/rcYwIahK4g
162,https://www.grailed.com/sold/0q22GXYwXQ
163,https://www.grailed.com/sold/epBRPXyd8Q
164,https://www.grailed.com/sold/zxiWGzwKqg
165,https://www.grailed.com/sold/m7cUUVWuDw
166,https://www.grailed.com/sold/GcjnlJS_zQ
167,https://www.grailed.com/sold/iMwLoI4d7w
168,https://www.grailed.com/sold/2O2raybAaA
169,https://www.grailed.com/sold/WN3Cd0aY7A
170,https://www.grailed.com/sold/s2gMmF4MVA
171,https://www.grailed.com/sold/pwCGrq55Zw
172,https://www.grailed.com/sold/hOLhfcJXQw
173,https://www.grailed.com/sold/RIT50P51hw
174,https://www.grailed.com/sold/pSWp2Q5jMg
175,https://www.grailed.com/sold/zyzuO5CWeg
176,https://www.grailed.com/sold/hzfbdxP-BA
177,https://www.grailed.com/sold/q2u1anSvDw
178,https://www.grailed.com/sold/nREGO8M-nQ
179,https://www.grailed.com/sold/sFY8FeUUdA
180,https://www.grailed.com/sold/o-EOyL3Qrw
181,https://www.grailed.com/sold/wS7mPYcX4A
182,https://www.grailed.com/sold/a_3KjCtl4g
183,https://www.grailed.com/sold/ZvHnAgtNcg
184,https://www.grailed.com/sold/ZF5Ka_IT1w
185,https://www.grailed.com/sold/shgqzjQc9A
186,https://www.grailed.com/sold/xDOw4LnLJQ
187,https://www.grailed.com/sold/XRdCvP5-5A
188,https://www.grailed.com/sold/lVR84AZ0-w
189,https://www.grailed.com/sold/Aq63NJe1mg
190,https://www.grailed.com/sold/zPqFiK5qGA
191,https://www.grailed.com/sold/GUjWdi8oSQ
192,https://www.grailed.com/sold/kSfhg0y2OA
193,https://www.grailed.com/sold/aANhe_jVWA
194,https://www.grailed.com/sold/ARGtZFIUVA
195,https://www.grailed.com/sold/wq3eSHdEUQ
196,https://www.grailed.com/sold/CeNOZqS5xA
197,https://www.grailed.com/sold/BN1jSKE0_g
198,https://www.grailed.com/sold/6MdKkvBzjw
199,https://www.grailed.com/sold/BTMOR8f-PA
200,https://www.grailed.com/sold/wkyeGycTzQ
201,https://www.grailed.com/sold/MQSKA1IDFQ
202,https://www.grailed.com/sold/o3JdIEWTJQ
203,https://www.grailed.com/sold/NYV6j_0Gkg
204,https://www.grailed.com/sold/aOEAfT8RXA
205,https://www.grailed.com/sold/TLUDh6-GVw
206,https://www.grailed.com/sold/fDL2moOG1A
207,https://www.grailed.com/sold/Vj9e7Z4lHg
208,https://www.grailed.com/sold/9vABFdVRpw
209,https://www.grailed.com/sold/GjKmkOo2WA
210,https://www.grailed.com/sold/QTEyt8naDw
211,https://www.grailed.com/sold/K5J6-hHsQg
212,https://www.grailed.com/sold/kgrW2L4ovA
213,https://www.grailed.com/sold/nF_0zZDb7Q
214,https://www.grailed.com/sold/sebe2yAsOQ
215,https://www.grailed.com/sold/a3nHymcoJQ
216,https://www.grailed.com/sold/gdnetbp48w
217,https://www.grailed.com/sold/fNz0COwGyA
218,https://www.grailed.com/sold/Tlf4DJf5Zw
219,https://www.grailed.com/sold/MSKksxyxLw
220,https://www.grailed.com/sold/YrTJW_PXsw
221,https://www.grailed.com/sold/wngkCAlQhw
222,https://www.grailed.com/sold/4nmv9Anogw
223,https://www.grailed.com/sold/ZjukGCNl1A
224,https://www.grailed.com/sold/W360myD5eQ
225,https://www.grailed.com/sold/eYmIfta5sw
226,https://www.grailed.com/sold/6frkf8Y1Tw
227,https://www.grailed.com/sold/84o4Bgp1uw
228,https://www.grailed.com/sold/2vP_CU_UGw
229,https://www.grailed.com/sold/_UKEYXfTEw
230,https://www.grailed.com/sold/GOEhQ7ciig
231,https://www.grailed.com/sold/SrpJYhqHTA
232,https://www.grailed.com/sold/Aehw4Y5cYw
233,https://www.grailed.com/sold/KVsgadfFQg
234,https://www.grailed.com/sold/OtRugiMefg
235,https://www.grailed.com/sold/DLGlmSLflQ
236,https://www.grailed.com/sold/J5edH1PekA
237,https://www.grailed.com/sold/91p1SWChog
238,https://www.grailed.com/sold/C7CHoZjX7Q
239,https://www.grailed.com/sold/9B8DoPXpVA
240,https://www.grailed.com/sold/tzGWz4bF1w
241,https://www.grailed.com/sold/qBfcHGBWDw
242,https://www.grailed.com/sold/gZRvf7Z_Ng
243,https://www.grailed.com/sold/zmsYkwOMuQ
244,https://www.grailed.com/sold/j46ZiBK4Ng
245,https://www.grailed.com/sold/wjWmRbJdgQ
246,https://www.grailed.com/sold/e0_IbVTg6w
247,https://www.grailed.com/sold/VjZyuRWunQ
248,https://www.grailed.com/sold/6qcsPmBdmQ
249,https://www.grailed.com/sold/do2kd7xT3A
250,https://www.grailed.com/sold/qyJhekVJSg
251,https://www.grailed.com/sold/Sv5uXAcCyA
252,https://www.grailed.com/sold/irb_UqYhqw
253,https://www.grailed.com/sold/ysC5s4lDsg
254,https://www.grailed.com/sold/7mdS--cERQ
255,https://www.grailed.com/sold/86vqLNV_EA
256,https://www.grailed.com/sold/Jff8aqI96w
257,https://www.grailed.com/sold/mdQ83PoMaQ
258,https://www.grailed.com/sold/ybI5xLKASw
259,https://www.grailed.com/sold/7F90rrH6cw
260,https://www.grailed.com/sold/6UnfwSyeAQ
261,https://www.grailed.com/sold/aE-HvGdpAA
262,https://www.grailed.com/sold/ihJjNMNmGw
263,https://www.grailed.com/sold
264,https://www.grailed.com/sold/stl214n7XQ
265,https://www.grailed.com/sold/1NHpUoOGHA
266,https://www.grailed.com/sold/VdOQ1gRvCQ
267,https://www.grailed.com/sold/eS1Ou47D8Q
268,https://www.grailed.com/sold/i_YVkJho0w
269,https://www.grailed.com/sold/sUQFcwmyUQ
270,https://www.grailed.com/sold/ANZ1PLeBvQ
271,https://www.grailed.com/sold/JOtvfRO7WQ
272,https://www.grailed.com/sold/kEMWXhyqLw
273,https://www.grailed.com/sold/fPAm6ihhLA
274,https://www.grailed.com/sold/OnX7hZKWtQ
275,https://www.grailed.com/sold/QLvcDUtFCw
276,https://www.grailed.com/sold/cEf_WmGmMQ
277,https://www.grailed.com/sold/zOwDZqIzag
278,https://www.grailed.com/sold/wbZC5ZdyPg
279,https://www.grailed.com/sold/pNfOn8Y0yQ
280,https://www.grailed.com/sold/-w60Lwkjzg
281,https://www.grailed.com/sold/eHW8CyITQg
282,https://www.grailed.com/sold/_Q30tcQi_w
283,https://www.grailed.com/sold/xMm2FG70xA
284,https://www.grailed.com/sold/PNezV0D00Q
285,https://www.grailed.com/sold/98-mKEKOiw
286,https://www.grailed.com/sold/nknHrWBxww
287,https://www.grailed.com/sold/yvIClmWknQ
288,https://www.grailed.com/sold/HhZ8fTq3GA
289,https://www.grailed.com/sold/1luCracgag
290,https://www.grailed.com/sold/nuoJHyI7Ug
291,https://www.grailed.com/sold/mHB7qugWiA
292,https://www.grailed.com/sold/_zZtJ6M-fg
293,https://www.grailed.com/sold/omVcm0yI9Q
294,https://www.grailed.com/sold/zAuK9UJo2A
295,https://www.grailed.com/sold/e-A0A8ECFA
296,https://www.grailed.com/sold/AAaa__FdqA
297,https://www.grailed.com/sold/OF2ZfJC_tw
298,https://www.grailed.com/sold/wLOXxSMlyQ
299,https://www.grailed.com/sold/ZrZNN7PrGQ
300,https://www.grailed.com/sold/snIETKShFw
301,https://www.grailed.com/sold/x0waFoqJ8A
302,https://www.grailed.com/sold/8ByVCZ2AaA
303,https://www.grailed.com/sold/GbGjyjZZqA
304,https://www.grailed.com/sold/YbeNjV9WbA
305,https://www.grailed.com/sold/UIUGbCPtGQ
306,https://www.grailed.com/sold/-klqUwjq8A
307,https://www.grailed.com/sold/XlJg2UQXVQ
308,https://www.grailed.com/sold/GyNddcYVMQ
309,https://www.grailed.com/sold/oXS7wHOpLg
310,https://www.grailed.com/sold/6MVOsD64jA
311,https://www.grailed.com/sold/RNMFbPC10w
312,https://www.grailed.com/sold/enqNeq-bYA
313,https://www.grailed.com/sold/pFbA0ki_ww
314,https://www.grailed.com/sold/B2CA3mPkzQ
315,https://www.grailed.com/sold/iwisR8DTiA
316,https://www.grailed.com/sold/PAtNypmKXw
317,https://www.grailed.com/sold/vgKadVdCLw
318,https://www.grailed.com/sold/4_aojMBv0Q
319,https://www.grailed.com/sold/W37QmDA1Rw
320,https://www.grailed.com/sold/JcaR-esfXQ
321,https://www.grailed.com/sold/FHT95bcFRQ
322,https://www.grailed.com/sold/h1pEkQzJig
323,https://www.grailed.com/sold/nGicOz37WA
324,https://www.grailed.com/sold/-ebCyy2mkA
325,https://www.grailed.com/sold/o7rYlLU59g
326,https://www.grailed.com/sold/vOlMEN5Ysg
327,https://www.grailed.com/sold/6u128jWgJw
328,https://www.grailed.com/sold/ILbXE4FBgw
329,https://www.grailed.com/sold/qOrt7Wdgnw
330,https://www.grailed.com/sold/r7LUhwBiiQ
331,https://www.grailed.com/sold/oN3j-DcQqQ
332,https://www.grailed.com/sold/njPZ0z6ajg
333,https://www.grailed.com/sold/csAHfi79rw
334,https://www.grailed.com/sold/EdsBVpy_Ag
335,https://www.grailed.com/sold/aTRioyyn0A
336,https://www.grailed.com/sold/CdCrI_k45w
337,https://www.grailed.com/sold/bEj9W_07dA
338,https://www.grailed.com/sold/LGLanZ-G2Q
339,https://www.grailed.com/sold/y904pz8PsA
340,https://www.grailed.com/sold/LfmN9uGhZg
341,https://www.grailed.com/sold/3rVBBBtuGg
342,https://www.grailed.com/sold/nSnNhVJaqg
343,https://www.grailed.com/sold/IOmtKRNS9A
344,https://www.grailed.com/sold/3unQNRw8Ww
345,https://www.grailed.com/sold/w9jUvCjmmw
346,https://www.grailed.com/sold/cumv_Q3vdg
347,https://www.grailed.com/sold/cvQ7XeXbZA
348,https://www.grailed.com/sold/g729uH4IXA
349,https://www.grailed.com/sold/rx1TJekrQw
350,https://www.grailed.com/sold/a-SbvIZmCw
351,https://www.grailed.com/sold/UAB7fivsbg
352,https://www.grailed.com/sold/PlfhJI5idg
353,https://www.grailed.com/sold/iXxC9aezAg
354,https://www.grailed.com/sold/prrlYbilEQ
355,https://www.grailed.com/sold/lM-bpAoOCg
356,https://www.grailed.com/sold/VmmqqgvNVw
357,https://www.grailed.com/sold/ysIphaarIg
358,https://www.grailed.com/sold/v8Qv1c4dBQ
359,https://www.grailed.com/sold/ChhYwXcU_w
360,https://www.grailed.com/sold/kaTBVEEU2w
361,https://www.grailed.com/sold/iDKH4wtuFw
362,https://www.grailed.com/sold/NjlDrpwGeQ
363,https://www.grailed.com/sold/xzQ5atbbcQ
364,https://www.grailed.com/sold/q720by5wHA
365,https://www.grailed.com/sold/eopA88GRww
366,https://www.grailed.com/sold/b3-VvGQ2DA
367,https://www.grailed.com/sold/i-6upfJOjA
368,https://www.grailed.com/sold/yDKU7t8Ntg
369,https://www.grailed.com/sold/3ja_3BJ03Q
370,https://www.grailed.com/sold/7gV_KPOaeg
371,https://www.grailed.com/sold/kFG7SquMIA
372,https://www.grailed.com/sold/8cugiydhtA
373,https://www.grailed.com/sold/8TLWjvqxJA
374,https://www.grailed.com/sold/YGAPYfZltg
375,https://www.grailed.com/sold/1bWxC3BLzA
376,https://www.grailed.com/sold/3htNcu2NSQ
377,https://www.grailed.com/sold/crGdZRTnkQ
378,https://www.grailed.com/sold/WcJoI1fdjw
379,https://www.grailed.com/sold/xJVJ4-rxRw
380,https://www.grailed.com/sold/z4uO6kKVKQ
381,https://www.grailed.com/sold/NgEmh2yBvQ
382,https://www.grailed.com/sold/QV7eZPHMuA
383,https://www.grailed.com/sold/mioTogcXFA
384,https://www.grailed.com/sold/D9radCpRCA
385,https://www.grailed.com/sold/2oUi-UcRJA
386,https://www.grailed.com/sold/rhuuBzV3pg
387,https://www.grailed.com/sold/0X2gX4plMg
388,https://www.grailed.com/sold/NaXgG_QIhg
389,https://www.grailed.com/sold/UCIyqaH9ZQ
390,https://www.grailed.com/sold/cByiCYQ84A
391,https://www.grailed.com/sold/0q1m0q4iPg
392,https://www.grailed.com/sold/rrb5dJatuQ
393,https://www.grailed.com/sold/Ou9mdbcBOg
394,https://www.grailed.com/sold/F8w10vJMcg
395,https://www.grailed.com/sold/x5XYIRPR5Q
396,https://www.grailed.com/sold/hahT0MP8sQ
397,https://www.grailed.com/sold/SDxxTRN0ZA
398,https://www.grailed.com/sold/_F-aXwWo4g
399,https://www.grailed.com/sold/BTbJQ8rboQ
400,https://www.grailed.com/sold/AGjT4HXTnA
401,https://www.grailed.com/sold/23tbIVCmvQ
402,https://www.grailed.com/sold/TBt_INgzKw
403,https://www.grailed.com/sold/4athnbHcxg
404,https://www.grailed.com/sold/H_iOgLJfJQ
405,https://www.grailed.com/sold/MwWY97J_Zw
406,https://www.grailed.com/sold/XQnn9cHcbA
407,https://www.grailed.com/sold/Lg4ibT_8LA
408,https://www.grailed.com/sold/vFifA_fqMQ
409,https://www.grailed.com/sold/2v8rHxzXCw
410,https://www.grailed.com/sold/BBe4xM8Kxw
411,https://www.grailed.com/sold/hFVP9QSpxw
412,https://www.grailed.com/sold/34Ym3MNo0g
413,https://www.grailed.com/sold/4ospJrgDxA
414,https://www.grailed.com/sold/n2Rwb8Q2Xw
415,https://www.grailed.com/sold/KZjmdWX6nQ
416,https://www.grailed.com/sold/QxJ5N9sBwA
417,https://www.grailed.com/sold/tD5aF7eHdw
418,https://www.grailed.com/sold/AgAczK_XGw
419,https://www.grailed.com/sold/tzA0lgqRXQ
420,https://www.grailed.com/sold/yxp5fpDXNw
421,https://www.grailed.com/sold/6LT3ktPQEA
422,https://www.grailed.com/sold/Ykgil88bAg
423,https://www.grailed.com/sold/Y1rLXUjEoQ
424,https://www.grailed.com/sold/P-UpfbJjvw
425,https://www.grailed.com/sold/HNz8dJzGaw
426,https://www.grailed.com/sold/vAeAjL0gcQ
427,https://www.grailed.com/sold/HS2VKb-vTw
428,https://www.grailed.com/sold/xHmng-qBlQ
429,https://www.grailed.com/sold/RZ65jwInDQ
430,https://www.grailed.com/sold/mA9NesApvw
431,https://www.grailed.com/sold/FhHcqbr6Lw
432,https://www.grailed.com/sold/F1tLedkFIw
433,https://www.grailed.com/sold/sYO3pofK9A
434,https://www.grailed.com/sold/u3GFObX5iQ
435,https://www.grailed.com/sold/8x_Mjplx9g
436,https://www.grailed.com/sold/kpy7zClDPw
437,https://www.grailed.com/sold/nuNlgSgQ2A
438,https://www.grailed.com/sold/XNfyW2obeA
439,https://www.grailed.com/sold/3Kw4Zhq6dQ
440,https://www.grailed.com/sold/ef6MrWr8GA
441,https://www.grailed.com/sold/THIOs7SGxQ
442,https://www.grailed.com/sold/FFFf_I9DZA
443,https://www.grailed.com/sold/jvGQZrLhqA
444,https://www.grailed.com/sold/bY3mROIfmg
445,https://www.grailed.com/sold/chnewl7HZg
446,https://www.grailed.com/sold/Ay-sw1K8gg
447,https://www.grailed.com/sold/cyBwH4FX6Q
448,https://www.grailed.com/sold/9xyUaPG1gg
449,https://www.grailed.com/sold/2JN9fSmdwQ
450,https://www.grailed.com/sold/QX_ORWnGCQ
451,https://www.grailed.com/sold/cpQiXGrmpQ
452,https://www.grailed.com/sold/bY4cAl22Ow
453,https://www.grailed.com/sold/uUmpw-OGIA
454,https://www.grailed.com/sold/6fOh3q-nig
455,https://www.grailed.com/sold/6OMTyzSzDg
456,https://www.grailed.com/sold/kEPUsxBAAA
457,https://www.grailed.com/sold/HH2edti6Tg
458,https://www.grailed.com/sold/D5aZjOAPbg
459,https://www.grailed.com/sold/Jsj2Cio5rg
460,https://www.grailed.com/sold/CjqM4D2Ypw
461,https://www.grailed.com/sold/CroDssMAYw
462,https://www.grailed.com/sold/QHCChbtFyQ
463,https://www.grailed.com/sold/hGhuYQ9_2A
464,https://www.grailed.com/sold/NzihneO0Iw
465,https://www.grailed.com/sold/3f0qoxedOA
466,https://www.grailed.com/sold/tnLJhypPSA
467,https://www.grailed.com/sold/_NGZXh2A-g
468,https://www.grailed.com/sold/iymbJQrMIg
469,https://www.grailed.com/sold/7F-AovZzVg
470,https://www.grailed.com/sold/m_n9UiUivw
471,https://www.grailed.com/sold/HV3GxtcIuQ
472,https://www.grailed.com/sold/Qyup6rRtTQ
473,https://www.grailed.com/sold/HjaUd7rwGA
474,https://www.grailed.com/sold/ojrYJeW2KA
475,https://www.grailed.com/sold/g8FyGBVvvg
476,https://www.grailed.com/sold/lcbh68lPZQ
477,https://www.grailed.com/sold/CX0CL2gFtw
478,https://www.grailed.com/sold/5uZXBYENrg
479,https://www.grailed.com/sold/_hA_B6YeOw
480,https://www.grailed.com/sold/3Jrk6_yAOw
481,https://www.grailed.com/sold/rz51cqCDPA
482,https://www.grailed.com/sold/YOQ3bjBokA
483,https://www.grailed.com/sold/qt_tK_4Fbw
484,https://www.grailed.com/sold/M-vWFUJKbA
485,https://www.grailed.com/sold/VuNvDj2eAA
486,https://www.grailed.com/sold/HT8UCKpLfg
487,https://www.grailed.com/sold/UR3BrHdpRw
488,https://www.grailed.com/sold/alDJJt-0bw
489,https://www.grailed.com/sold/ERhMBd7JRQ
490,https://www.grailed.com/sold/sP6XFbfxuQ
491,https://www.grailed.com/sold/T9HMbySyqg
492,https://www.grailed.com/sold/HzJuq16yMw
493,https://www.grailed.com/sold/VMK3uDRMZw
494,https://www.grailed.com/sold/XNKNfZmHTQ
495,https://www.grailed.com/sold/d_bDrRhU9Q
496,https://www.grailed.com/sold/ROfKhiXXFA
497,https://www.grailed.com/sold/kGsSuzgj_A
498,https://www.grailed.com/sold/WetU2Fjcog
499,https://www.grailed.com/sold/XxPkMrdB5g
500,https://www.grailed.com/sold/383qu-1DBQ
501,https://www.grailed.com/sold/cTcas23pbw
502,https://www.grailed.com/sold/aUQg1l0aLg
503,https://www.grailed.com/sold/mB8BlXWN4w
504,https://www.grailed.com/sold/FlImCowCXg
505,https://www.grailed.com/sold/P7i5693tmg
506,https://www.grailed.com/sold/RPkex5w9yw
507,https://www.grailed.com/sold/9oOkpN5FVQ
508,https://www.grailed.com/sold/oFB2DTntEA
509,https://www.grailed.com/sold/ggdKr2Yefg
510,https://www.grailed.com/sold/6ws8gqtAlg
511,https://www.grailed.com/sold/XLM6VGtNAw
512,https://www.grailed.com/sold/Z-Ijfdlrdw
513,https://www.grailed.com/sold/qHKqXSm7Hw
514,https://www.grailed.com/sold/3HOrSj2GLg
515,https://www.grailed.com/sold/MYp5Zl9n5Q
516,https://www.grailed.com/sold/UCpv5slfHg
517,https://www.grailed.com/sold/4jQVBe10zw
518,https://www.grailed.com/sold/b_6sbg6ZYQ
519,https://www.grailed.com/sold/pQyPXGUt4w
520,https://www.grailed.com/sold/ByqFYnpFYA
521,https://www.grailed.com/sold/sAZm5BBz5Q
522,https://www.grailed.com/sold/LTbQZzj_lA
523,https://www.grailed.com/sold/cvfL02qntw
524,https://www.grailed.com/sold/AxWq9pI4Cg
525,https://www.grailed.com/sold/xnBDgPPQKA
526,https://www.grailed.com/sold/PbVZLkvVpQ
527,https://www.grailed.com/sold/VwkTKtK8EQ
528,https://www.grailed.com/sold/ZbPNJ7SjtA
529,https://www.grailed.com/sold/VQx0_93h0Q
530,https://www.grailed.com/sold/yreGxwaCqA
531,https://www.grailed.com/sold/pHPg7uV8Xw
532,https://www.grailed.com/sold/o0Tp0atxcA
533,https://www.grailed.com/sold/uAR21EalaQ
534,https://www.grailed.com/sold/456s6_Id-Q
535,https://www.grailed.com/sold/Dm-Mg06P3Q
536,https://www.grailed.com/sold/fIEc96FsvA
537,https://www.grailed.com/sold/b5y0Mkdb5g
538,https://www.grailed.com/sold/40IUW8K9oQ
539,https://www.grailed.com/sold
540,https://www.grailed.com/sold/FIaA3j-aMw
541,https://www.grailed.com/sold/Owo8uNWv1w
542,https://www.grailed.com/sold/TSAzAH2b4A
543,https://www.grailed.com/sold/tqr0qnRmfQ
544,https://www.grailed.com/sold/M2c3bNZMcg
545,https://www.grailed.com/sold/f9sFiYCScw
546,https://www.grailed.com/sold/LPmzlaxIfg
547,https://www.grailed.com/sold/rzM8arnwnQ
548,https://www.grailed.com/sold/BikMdRRD9A
549,https://www.grailed.com/sold/ukN1yR1iVw
550,https://www.grailed.com/sold/IgOwSVRedw
551,https://www.grailed.com/sold/CXfQB0eX0A
552,https://www.grailed.com/sold/bnFiM9FsFA
553,https://www.grailed.com/sold/Y8jDWdrzUA
554,https://www.grailed.com/sold/Vz8UeMvkXw
555,https://www.grailed.com/sold/goedssLqiw
556,https://www.grailed.com/sold/msldXFWJag
557,https://www.grailed.com/sold/CeXpIufstw
558,https://www.grailed.com/sold/LObgvHe4Sw
559,https://www.grailed.com/sold/r850bwXY8Q
560,https://www.grailed.com/sold/mi0x0Q-mlA
561,https://www.grailed.com/sold/wTUMbPr6sA
562,https://www.grailed.com/sold/8b_1OJTV7g
563,https://www.grailed.com/sold/UtYqAYtztQ
564,https://www.grailed.com/sold/wHKn5DE3-Q
565,https://www.grailed.com/sold/Havn7E3gcw
566,https://www.grailed.com/sold/M4KmSS_XXQ
567,https://www.grailed.com/sold/CbuWMN6OKQ
568,https://www.grailed.com/sold/fATsqsFnxw
569,https://www.grailed.com/sold/jwaUMLFPcA
570,https://www.grailed.com/sold/83y720xRVw
571,https://www.grailed.com/sold/oSZacw2gBg
572,https://www.grailed.com/sold/b-D80ZPmcA
573,https://www.grailed.com/sold/taD-DCVCxQ
574,https://www.grailed.com/sold/f8fEp0cp0Q
575,https://www.grailed.com/sold/4InrGGo0nA
576,https://www.grailed.com/sold/-czyfjG1pg
577,https://www.grailed.com/sold/OP3qLapmoQ
578,https://www.grailed.com/sold/LQ9po0wZZQ
579,https://www.grailed.com/sold/EgixdRw_rg
580,https://www.grailed.com/sold/Fc6Qviam2A
581,https://www.grailed.com/sold/yKlYH7cdzg
582,https://www.grailed.com/sold/OhlL66MF6A
583,https://www.grailed.com/sold/3X0VewLsBQ
584,https://www.grailed.com/sold/Qtel-k8fTg
585,https://www.grailed.com/sold/lH_IAc7MbA
586,https://www.grailed.com/sold/JLIpS3eb1A
587,https://www.grailed.com/sold/BfGu9_bRTw
588,https://www.grailed.com/sold/M_rj9oO2tw
589,https://www.grailed.com/sold/d0dC76blBA
590,https://www.grailed.com/sold/MIOkQ9L0VA
591,https://www.grailed.com/sold/4Yin6MHXMA
592,https://www.grailed.com/sold/r3nHO88_1w
593,https://www.grailed.com/sold/spkUwzNxIQ
594,https://www.grailed.com/sold/DQRwEH0xzw
595,https://www.grailed.com/sold/H1NH1C2I-w
596,https://www.grailed.com/sold/d2k5hopSQw
597,https://www.grailed.com/sold/3Pu8haP7TQ
598,https://www.grailed.com/sold/RyoCdzo8KA
599,https://www.grailed.com/sold/5T0D-bpxHA
600,https://www.grailed.com/sold/kr4S-rbbCA
601,https://www.grailed.com/sold/LAgEMts6GQ
602,https://www.grailed.com/sold/pK04LIw9Rw
603,https://www.grailed.com/sold/EGwd9zvx8A
604,https://www.grailed.com/sold/NhgUQd8QqQ
605,https://www.grailed.com/sold/VX3i7yP7Yg
606,https://www.grailed.com/sold/_Tzt35AYXQ
607,https://www.grailed.com/sold/Ww9oi2u1_w
608,https://www.grailed.com/sold/9gXP-YS9sA
609,https://www.grailed.com/sold/l7XPs2A_xw
610,https://www.grailed.com/sold/sGWdFMZ8Eg
611,https://www.grailed.com/sold/dclFCbHq4A
612,https://www.grailed.com/sold/qwp-NAILwQ
613,https://www.grailed.com/sold/KIMOYC_1AA
614,https://www.grailed.com/sold/gIqOSXNSJA
615,https://www.grailed.com/sold/fWOCKfOg9w
616,https://www.grailed.com/sold/gNRrIrQ3zA
617,https://www.grailed.com/sold/pPTMNYHtEg
618,https://www.grailed.com/sold/Rxqgq50XfA
619,https://www.grailed.com/sold/aMLS7YGfzg
620,https://www.grailed.com/sold/xWH_icYxfQ
621,https://www.grailed.com/sold/7N_GqOfkAg
622,https://www.grailed.com/sold/BkQuDXnrYw
623,https://www.grailed.com/sold/vba8FWYRpw
624,https://www.grailed.com/sold/85-xoVaj7w
625,https://www.grailed.com/sold/_IOCemyQhg
626,https://www.grailed.com/sold/6g4krpS4Tg
627,https://www.grailed.com/sold/ASIytVXehw
628,https://www.grailed.com/sold/ihQNGri1JQ
629,https://www.grailed.com/sold/0Ylb_lT9TA
630,https://www.grailed.com/sold/swH_oHLrxw
631,https://www.grailed.com/sold/lWXbUz9XGg
632,https://www.grailed.com/sold/RqW18BfLuw
633,https://www.grailed.com/sold/f66c1MpNdw
634,https://www.grailed.com/sold/0C1d3Jpm9A
635,https://www.grailed.com/sold/cu752WLVFg
636,https://www.grailed.com/sold/CFiGoCFNSQ
637,https://www.grailed.com/sold/8JnvjIgBnQ
638,https://www.grailed.com/sold/7Gby85Ra7g
639,https://www.grailed.com/sold/iXj4KFgmXQ
640,https://www.grailed.com/sold/xZts5bIuvg
641,https://www.grailed.com/sold/_Ms4-EsV1Q
642,https://www.grailed.com/sold/KgbAaNeR5A
643,https://www.grailed.com/sold/2aEe3lmKGw
644,https://www.grailed.com/sold/jEoNnE4czQ
645,https://www.grailed.com/sold/O0obCcGdfw
646,https://www.grailed.com/sold/D2LYlWlcrQ
647,https://www.grailed.com/sold/Sr7HsmxkUQ
648,https://www.grailed.com/sold/5PltAzmWcg
649,https://www.grailed.com/sold/NK-Wt4wOqg
650,https://www.grailed.com/sold/GlT2ZzBGkA
651,https://www.grailed.com/sold/IHp9qvcmNQ
652,https://www.grailed.com/sold/KQNxI2PliA
653,https://www.grailed.com/sold/U3pk-QzZEQ
654,https://www.grailed.com/sold/Sj9B2eH-ug
655,https://www.grailed.com/sold/O_nVd3aVuw
656,https://www.grailed.com/sold/Zgj2DhGqnw
657,https://www.grailed.com/sold/cxQCT2MFFw
658,https://www.grailed.com/sold/7G3ii6Fd6Q
659,https://www.grailed.com/sold/LEDRGLFGnw
660,https://www.grailed.com/sold/tuow50dE4g
661,https://www.grailed.com/sold/0a4AqVbpqA
662,https://www.grailed.com/sold/ZdmfLfT_dw
663,https://www.grailed.com/sold/ZOB1BPzGAA
664,https://www.grailed.com/sold/_plIlrzvKQ
665,https://www.grailed.com/sold/rIhrFeS0bQ
666,https://www.grailed.com/sold/FBAvUN3Jjg
667,https://www.grailed.com/sold/QdAeM76Yug
668,https://www.grailed.com/sold/LEI7k3bdew
669,https://www.grailed.com/sold/beRO4ZkViA
670,https://www.grailed.com/sold/w_3dWnVcJQ
671,https://www.grailed.com/sold/xAbjvcZKYg
672,https://www.grailed.com/sold
673,https://www.grailed.com/sold/YZXhC_tEuQ
674,https://www.grailed.com/sold/PxLGtyqqqA
675,https://www.grailed.com/sold/vLq5CEK6Gg
676,https://www.grailed.com/sold/rwR8glMPVA
677,https://www.grailed.com/sold/LdvbIBopfA
678,https://www.grailed.com/sold/kEzfBVlG3w
679,https://www.grailed.com/sold/4UZLd9gFOg
680,https://www.grailed.com/sold/GRENNfJ8eQ
681,https://www.grailed.com/sold/QSc3c38n3Q
682,https://www.grailed.com/sold/VDpovdruJQ
683,https://www.grailed.com/sold/zgJGaUbiUQ
684,https://www.grailed.com/sold/2kNM_6CVsg
685,https://www.grailed.com/sold/rEVBalNZ_A
686,https://www.grailed.com/sold/0F07YtSKGw
687,https://www.grailed.com/sold/v7BtkcuEbg
688,https://www.grailed.com/sold/USr2CWnrdA
689,https://www.grailed.com/sold/Aftl6Q7ktA
690,https://www.grailed.com/sold/O-EPNoGf6Q
691,https://www.grailed.com/sold/JD2SYQhDvA
692,https://www.grailed.com/sold/ew3a3RlwLQ
693,https://www.grailed.com/sold/jw_SFjrovg
694,https://www.grailed.com/sold/GVq-Tg5EEw
695,https://www.grailed.com/sold/fPr6rnPSQg
696,https://www.grailed.com/sold/qud6aIgSdw
697,https://www.grailed.com/sold/j_wAKj-pnA
698,https://www.grailed.com/sold/_EOQPsxUKA
699,https://www.grailed.com/sold/PIPVT0lS-Q
700,https://www.grailed.com/sold/3TXFgzJWew
701,https://www.grailed.com/sold/R3IjjF20vQ
702,https://www.grailed.com/sold/7zMQyCJnQA
703,https://www.grailed.com/sold/c5BmCCOT2A
704,https://www.grailed.com/sold/Dvqv528wfA
705,https://www.grailed.com/sold/oOVjdPDe0w
706,https://www.grailed.com/sold/1x7lM6lJvQ
707,https://www.grailed.com/sold/J4qMQa6k7g
708,https://www.grailed.com/sold/yo1rQ3d5Uw
709,https://www.grailed.com/sold/5ERJqOtvTQ
710,https://www.grailed.com/sold/wrrvLGV2xA
711,https://www.grailed.com/sold/CCzoCSxDWQ
712,https://www.grailed.com/sold/B020rv5AuA
713,https://www.grailed.com/sold/Dt3JZYhONw
714,https://www.grailed.com/sold/WSL7QVsuDQ
715,https://www.grailed.com/sold/jdgSsYnIJQ
716,https://www.grailed.com/sold/eH3VdCKVLA
717,https://www.grailed.com/sold/P_fjb5D2uw
718,https://www.grailed.com/sold/gJDohX5J6w
719,https://www.grailed.com/sold/f-vuImGYfg
720,https://www.grailed.com/sold/C95geVzugA
721,https://www.grailed.com/sold/LyIEpRn_xg
722,https://www.grailed.com/sold/hFzpYLHZIw
723,https://www.grailed.com/sold/eDKqU4WkcA
724,https://www.grailed.com/sold/dpsVw3Meag
725,https://www.grailed.com/sold/xxMeEsfIhg
726,https://www.grailed.com/sold/oNvKSMHn6A
727,https://www.grailed.com/sold/pnhMAAw3_g
728,https://www.grailed.com/sold/N0jSEN_-aw
729,https://www.grailed.com/sold/ZMmlDKHUPg
730,https://www.grailed.com/sold/fkOvxSV8YQ
731,https://www.grailed.com/sold/UxWdsR3MGQ
732,https://www.grailed.com/sold
733,https://www.grailed.com/sold/FrdhAnEFLQ
734,https://www.grailed.com/sold/AjvmT1KXAA
735,https://www.grailed.com/sold/4eBC3Nu39Q
736,https://www.grailed.com/sold/1LVUB_AjBw
737,https://www.grailed.com/sold
738,https://www.grailed.com/sold/WNTOMFrBMQ
739,https://www.grailed.com/sold/OS09mTVGmg
740,https://www.grailed.com/sold/6g6tjAJZVw
741,https://www.grailed.com/sold/dIkzjcFo1w
742,https://www.grailed.com/sold/8nm-t54w-Q
743,https://www.grailed.com/sold/yulMJZfPQA
744,https://www.grailed.com/sold/QML4lAleTw
745,https://www.grailed.com/sold/9cr68plI5A
746,https://www.grailed.com/sold/L3kT3z1hlg
747,https://www.grailed.com/sold/fL_EB_0OIw
748,https://www.grailed.com/sold/pM7i_AZJTw
749,https://www.grailed.com/sold/kWxLF0a6bQ
750,https://www.grailed.com/sold/xbsW0KcPUw
751,https://www.grailed.com/sold/DVumKo6e9w
752,https://www.grailed.com/sold/gg9lOn7uHA
753,https://www.grailed.com/sold/BHCSSutxkw
754,https://www.grailed.com/sold/YlhpzikCWA
755,https://www.grailed.com/sold/lQmfx8plJQ
756,https://www.grailed.com/sold/VpgSAxYzhg
757,https://www.grailed.com/sold/n6rGU2AfsA
758,https://www.grailed.com/sold/bwZkWuznMw
759,https://www.grailed.com/sold/MvhWlLIaYQ
760,https://www.grailed.com/sold
761,https://www.grailed.com/sold/snRGoCSQnQ
762,https://www.grailed.com/sold/8H6ZTQl_5w
763,https://www.grailed.com/sold/6lx3WYXBEQ
764,https://www.grailed.com/sold/SJucSYZjBQ
765,https://www.grailed.com/sold/kgAP_IrGCA
766,https://www.grailed.com/sold/dTQofgWfZQ
767,https://www.grailed.com/sold/NI1YuzdA5A
768,https://www.grailed.com/sold/F9dTYTPO7A
769,https://www.grailed.com/sold/GQUhESlMFA
770,https://www.grailed.com/sold/XRDNW6Qb6A
771,https://www.grailed.com/sold/EfmPRK6WEg
772,https://www.grailed.com/sold/ud3GrFLxDw
773,https://www.grailed.com/sold/-QmKNazqTA
774,https://www.grailed.com/sold/kYiyoLYrtA
775,https://www.grailed.com/sold/h8eFVXdZBA
776,https://www.grailed.com/sold/XnLQe5IvVA
777,https://www.grailed.com/sold/xhjirwlN1A
778,https://www.grailed.com/sold/igaeIbcp2g
779,https://www.grailed.com/sold/0QAlN3yqlQ
780,https://www.grailed.com/sold/GVlXC-8uFw
781,https://www.grailed.com/sold/OooMH3ofoA
782,https://www.grailed.com/sold/khw5HVh38Q
783,https://www.grailed.com/sold/SIkRcqCCaQ
784,https://www.grailed.com/sold/UTATQtRvtQ
785,https://www.grailed.com/sold/nF_Qa56Kjg
786,https://www.grailed.com/sold/-2MrDBYkWQ
787,https://www.grailed.com/sold/NpdXiB_GKQ
788,https://www.grailed.com/sold/dXNBHGSQoQ
789,https://www.grailed.com/sold/OkNT6Nu6fg
790,https://www.grailed.com/sold/fDefXFQKHA
791,https://www.grailed.com/sold/HPB6qzxnYQ
792,https://www.grailed.com/sold/g835KHSqjw
793,https://www.grailed.com/sold/dTzkXQQr7g
794,https://www.grailed.com/sold/UQXq-vnmnw
795,https://www.grailed.com/sold/_CtE1SXIAw
796,https://www.grailed.com/sold/fy-EnPEM8A
797,https://www.grailed.com/sold/jfOvZa4Mug
798,https://www.grailed.com/sold/Gel2VtO04A
799,https://www.grailed.com/sold/pQMprvM7GA
800,https://www.grailed.com/sold/1e9i4kKj5g
801,https://www.grailed.com/sold/IQTtZkdmwQ
802,https://www.grailed.com/sold/ZFK8FPTvAA
803,https://www.grailed.com/sold/Ct34PHAPrQ
804,https://www.grailed.com/sold/wM2P6Yg3ww
805,https://www.grailed.com/sold/RrmHKwQS5Q
806,https://www.grailed.com/sold/wJ1Ur8MM5A
807,https://www.grailed.com/sold/bGr0eA4CYA
808,https://www.grailed.com/sold/qNsfpd5cUw
809,https://www.grailed.com/sold/7R3QNAsk6w
810,https://www.grailed.com/sold/CALbg97PMQ
811,https://www.grailed.com/sold/nuYnL1sufw
812,https://www.grailed.com/sold/IGXw5n8-UA
813,https://www.grailed.com/sold/mlr2vQ5fGA
814,https://www.grailed.com/sold/v54HbksmTg
815,https://www.grailed.com/sold/fo8sO66nqw
816,https://www.grailed.com/sold/Y-6XNwADUw
817,https://www.grailed.com/sold/GTwptmtsFQ
818,https://www.grailed.com/sold/e5Zh3oYGPg
819,https://www.grailed.com/sold/WFvyIbVMUg
820,https://www.grailed.com/sold/gKdDvBbZ1g
821,https://www.grailed.com/sold/Qb-QEp3chA
822,https://www.grailed.com/sold/VYUrrcvCBw
823,https://www.grailed.com/sold/ia7gtYr8sw
824,https://www.grailed.com/sold/-eG6B9dCAg
825,https://www.grailed.com/sold/2cXPLjqm_g
826,https://www.grailed.com/sold/ee3ouxlfEA
827,https://www.grailed.com/sold/RLSGy20TIg
828,https://www.grailed.com/sold/Z8WIfcTEDg
829,https://www.grailed.com/sold/GUl_RjIWdg
830,https://www.grailed.com/sold/SCbO2EgCfQ
831,https://www.grailed.com/sold/y_sP5dI1hQ
832,https://www.grailed.com/sold/2U2E_UaKFQ
833,https://www.grailed.com/sold/zywtPpXP6Q
834,https://www.grailed.com/sold/9IexqfXanQ
835,https://www.grailed.com/sold/z6fCUulBGQ
836,https://www.grailed.com/sold/Ugp5sPUQ3Q
837,https://www.grailed.com/sold/Lk6VQ5S4yA
838,https://www.grailed.com/sold/2ehnzPAhgg
839,https://www.grailed.com/sold/5afofhQoqw
840,https://www.grailed.com/sold/SmmEWQL44A
841,https://www.grailed.com/sold/LLEIqHMWrA
842,https://www.grailed.com/sold/cgeeLTN-0A
843,https://www.grailed.com/sold/7Wg6YtB9vg
844,https://www.grailed.com/sold/imzESnm2Pw
845,https://www.grailed.com/sold/ik0URQWemw
846,https://www.grailed.com/sold/rxPHR78ZKQ
847,https://www.grailed.com/sold/yZEnwO7Yyw
848,https://www.grailed.com/sold/-1A8MAG8ug
849,https://www.grailed.com/sold/elyHeSuL4w
850,https://www.grailed.com/sold/BfR8U1LY2w
851,https://www.grailed.com/sold/RvJZydwGNw
852,https://www.grailed.com/sold/IFLGM6Y5Sw
853,https://www.grailed.com/sold/yQF2nDAC9A
854,https://www.grailed.com/sold/VxSFPMsJoQ
855,https://www.grailed.com/sold/7hFKYffRbg
856,https://www.grailed.com/sold/ito1OwQ6NA
857,https://www.grailed.com/sold/Rlpdo1XG4w
858,https://www.grailed.com/sold/NplC-1UqZQ
859,https://www.grailed.com/sold/BQflvkH0uA
860,https://www.grailed.com/sold/4UHdS-ID7g
861,https://www.grailed.com/sold/tV2LvGMpdA
862,https://www.grailed.com/sold/6e-j3sogxA
863,https://www.grailed.com/sold/UBIPThypYg
864,https://www.grailed.com/sold/Ok9GPxjaBg
865,https://www.grailed.com/sold/E77kEg9cCA
866,https://www.grailed.com/sold/E5skElcfwg
867,https://www.grailed.com/sold/PRzymbUciw
868,https://www.grailed.com/sold/RjwEyH4aIw
869,https://www.grailed.com/sold/wfNpSMhO8g
870,https://www.grailed.com/sold/xigBI1LPWA
871,https://www.grailed.com/sold/vbaTnxZCOw
872,https://www.grailed.com/sold/vDpp9C7xdQ
873,https://www.grailed.com/sold/WXErMjHbbw
874,https://www.grailed.com/sold/UPZrySjvVw
875,https://www.grailed.com/sold/n_hRgtli6Q
876,https://www.grailed.com/sold/9mUWuteFBw
877,https://www.grailed.com/sold/db66eBb30w
878,https://www.grailed.com/sold/mXUw5PLG2w
879,https://www.grailed.com/sold/V8HbqmxuXg
880,https://www.grailed.com/sold/bqq685fKKg
881,https://www.grailed.com/sold/7S8Ilm4YPQ
882,https://www.grailed.com/sold/XRU2uMJJ_w
883,https://www.grailed.com/sold/itsABTlQ4g
884,https://www.grailed.com/sold/v4-rBSF9Zg
885,https://www.grailed.com/sold/ncx3NW5-YQ
886,https://www.grailed.com/sold/aE-UBurOow
887,https://www.grailed.com/sold/Rg4GIjkjjg
888,https://www.grailed.com/sold/6IsULQa2lQ
889,https://www.grailed.com/sold/56EX4Swh4g
890,https://www.grailed.com/sold/PK5Z-7PlVQ
891,https://www.grailed.com/sold/N373TRDeng
892,https://www.grailed.com/sold/7D-xAoB49w
893,https://www.grailed.com/sold/2LFu5D644g
894,https://www.grailed.com/sold/1mfEApiWoA
895,https://www.grailed.com/sold/aXKfOks2Ew
896,https://www.grailed.com/sold/vuZ-m2Pxrw
897,https://www.grailed.com/sold/40a6Kx9-7A
898,https://www.grailed.com/sold/Op-cQvTRIQ
899,https://www.grailed.com/sold/28irdwzMDA
900,https://www.grailed.com/sold/0YPCvqToIA
901,https://www.grailed.com/sold/uM8an3nbwQ
902,https://www.grailed.com/sold/ttmaGQOk6g
903,https://www.grailed.com/sold/ngVsSpvldQ
904,https://www.grailed.com/sold/JC8KWsQBpQ
905,https://www.grailed.com/sold/yvXeGcDRGA
906,https://www.grailed.com/sold/-mKHu2FQXg
907,https://www.grailed.com/sold/iuQHJYAaug
908,https://www.grailed.com/sold/X-PJJllNgg
909,https://www.grailed.com/sold/A5li8vKz_Q
910,https://www.grailed.com/sold/9rvjN3U1GA
911,https://www.grailed.com/sold/lvP3cd1blQ
912,https://www.grailed.com/sold/XnXkDPFVAQ
913,https://www.grailed.com/sold/CwzyATbcIw
914,https://www.grailed.com/sold/tyy5pu4Pvg
915,https://www.grailed.com/sold/6Eml9X8YiQ
916,https://www.grailed.com/sold/A57mYS4nTg
917,https://www.grailed.com/sold/wuimVL1fvQ
918,https://www.grailed.com/sold/phSC9Z5_2w
919,https://www.grailed.com/sold/eAJ0MA3uMQ
920,https://www.grailed.com/sold/ArrMewyruQ
921,https://www.grailed.com/sold/vQjLvmZ6bA
922,https://www.grailed.com/sold/Q1jd9iZN1A
923,https://www.grailed.com/sold/RgaoyTartg
924,https://www.grailed.com/sold/3Gs8Pa9XMw
925,https://www.grailed.com/sold/GtHc9I6Y5A
926,https://www.grailed.com/sold/OhyrkkK1EQ
927,https://www.grailed.com/sold/VuIE1zMnyQ
928,https://www.grailed.com/sold
929,https://www.grailed.com/sold/lnx4vhutuQ
930,https://www.grailed.com/sold/IemCI8c3Eg
931,https://www.grailed.com/sold/e81tgt1BAA
932,https://www.grailed.com/sold/BSPPnCcfyQ
933,https://www.grailed.com/sold/R2jAg17Tuw
934,https://www.grailed.com/sold
935,https://www.grailed.com/sold/H2wj_6OPIg
936,https://www.grailed.com/sold/8IOWJ6eOuA
937,https://www.grailed.com/sold/8oe2Pf9sgA
938,https://www.grailed.com/sold/Dpe8OwnV5A
939,https://www.grailed.com/sold/5mtNlmvTZg
940,https://www.grailed.com/sold/djv2vklsdA
941,https://www.grailed.com/sold/h22IIgP1BQ
942,https://www.grailed.com/sold/WsVmfaPuHw
943,https://www.grailed.com/sold/cNXgzArP1w
944,https://www.grailed.com/sold/GAgpqB4ldA
945,https://www.grailed.com/sold/4UjW5bAlOQ
946,https://www.grailed.com/sold/2C0QB-73AQ
947,https://www.grailed.com/sold/7L0nIFDm_A
948,https://www.grailed.com/sold/3omQK3q0BA
949,https://www.grailed.com/sold/Q8xFppZ-UA
950,https://www.grailed.com/sold/yIGFdKb4tA
951,https://www.grailed.com/sold/EwKFTzEpXA
952,https://www.grailed.com/sold/0tB7E31rZg
953,https://www.grailed.com/sold/St7mfK3U-A
954,https://www.grailed.com/sold/DTICval4QA
955,https://www.grailed.com/sold/Fm2VX7EcaA
956,https://www.grailed.com/sold/Kew2ZswedQ
957,https://www.grailed.com/sold/y5ahwTHSqA
958,https://www.grailed.com/sold/U9a07fdX8w
959,https://www.grailed.com/sold/kqE26tC2_g
960,https://www.grailed.com/sold/ybHok7NezQ
961,https://www.grailed.com/sold/PtrNln_x9g
962,https://www.grailed.com/sold/LOqdp4onrw
963,https://www.grailed.com/sold/Eq-lJEYyjg
964,https://www.grailed.com/sold/X9zjlHaF_Q
965,https://www.grailed.com/sold/MkCPLZatBg
966,https://www.grailed.com/sold/YfB-5hwrgg
967,https://www.grailed.com/sold/Ci2QbAqrTg
968,https://www.grailed.com/sold/UWeIrifZKQ
969,https://www.grailed.com/sold/OC32q0AEcw
970,https://www.grailed.com/sold
971,https://www.grailed.com/sold/dFO9dVQVEA
972,https://www.grailed.com/sold/kqd6_Lo-Qw
973,https://www.grailed.com/sold/9Tc89K0H1A
974,https://www.grailed.com/sold/2V0OX8k2og
975,https://www.grailed.com/sold/8-A_aj3ZwQ
976,https://www.grailed.com/sold/x-RYtyjIUg
977,https://www.grailed.com/sold/0LKyH2ZxEQ
978,https://www.grailed.com/sold/0YEfaQewUg
979,https://www.grailed.com/sold/d2yiM2_fVQ
980,https://www.grailed.com/sold/H8ds2nFHnw
981,https://www.grailed.com/sold/QZxWnP8RcA
982,https://www.grailed.com/sold/qnY6p_BSZw
983,https://www.grailed.com/sold/33EOwM9Mdw
984,https://www.grailed.com/sold/LGXXidNuaA
985,https://www.grailed.com/sold/PUjIHSfBjA
986,https://www.grailed.com/sold/f4LItBvHRA
987,https://www.grailed.com/sold/VQqS2WCKcQ
988,https://www.grailed.com/sold/1V8FOTkVjg
989,https://www.grailed.com/sold/-Yan3-nm5w
990,https://www.grailed.com/sold/WDufpODhkA
991,https://www.grailed.com/sold/utzpYOK0VA
992,https://www.grailed.com/sold/fOxDrGqwoQ
993,https://www.grailed.com/sold/5IkVAU_kBA
994,https://www.grailed.com/sold/BUvb8SV-cw
995,https://www.grailed.com/sold/Jg64wpgu2w
996,https://www.grailed.com/sold/aqH-Rjwr_Q
997,https://www.grailed.com/sold/kEJBX0KgoQ
998,https://www.grailed.com/sold/iB4vduxklQ
999,https://www.grailed.com/sold/RLPsxBJSXw
