,Link
0,https://www.grailed.com/sold/427ZxNn-NQ
1,https://www.grailed.com/sold/KaUhFQR-QA
2,https://www.grailed.com/sold/vzv7wKpJEw
3,https://www.grailed.com/sold/3dwRtpfzmA
4,https://www.grailed.com/sold/oK-mDfDKdQ
5,https://www.grailed.com/sold/cYv-5Zusqw
6,https://www.grailed.com/sold/ktGKRIOs6w
7,https://www.grailed.com/sold/4LfO9279xw
8,https://www.grailed.com/sold/2i35sLiOqg
9,https://www.grailed.com/sold/15KD6uaSYA
10,https://www.grailed.com/sold/1JQHZGsGgg
11,https://www.grailed.com/sold/BgtIXBH9pQ
12,https://www.grailed.com/sold/JA5lT2VtEA
13,https://www.grailed.com/sold/vgw3cIiABg
14,https://www.grailed.com/sold/dIUeWN9y9w
15,https://www.grailed.com/sold/r1ffvzoDIQ
16,https://www.grailed.com/sold/5jgvMGohfw
17,https://www.grailed.com/sold/cpJGtTDK2A
18,https://www.grailed.com/sold
19,https://www.grailed.com/sold/1ugbwii3jA
20,https://www.grailed.com/sold/eCiKEiAOtQ
21,https://www.grailed.com/sold/u9RXbzQmUg
22,https://www.grailed.com/sold/YnAACbZP4Q
23,https://www.grailed.com/sold/ErGaxrpEHQ
24,https://www.grailed.com/sold/nHwH9_GY4A
25,https://www.grailed.com/sold/9hGqgu8wUg
26,https://www.grailed.com/sold/wTB-ojOvfw
27,https://www.grailed.com/sold/GKUZY4faDg
28,https://www.grailed.com/sold/g8FB53t9yQ
29,https://www.grailed.com/sold/spcP9J_lEg
30,https://www.grailed.com/sold/OcWMVGq2rw
31,https://www.grailed.com/sold/_01IfPY7Gw
32,https://www.grailed.com/sold/ZRJmQaYcag
33,https://www.grailed.com/sold/ck-rEiy9mQ
34,https://www.grailed.com/sold/3rvd7yAmlw
35,https://www.grailed.com/sold/5HbdCwHbhA
36,https://www.grailed.com/sold/Im5piNHmew
37,https://www.grailed.com/sold/XJJG8NXLrg
38,https://www.grailed.com/sold/byJUTsrG9w
39,https://www.grailed.com/sold/Vw8hCTO7mQ
40,https://www.grailed.com/sold/02jfLtsdig
41,https://www.grailed.com/sold/C0Vy3o4fXw
42,https://www.grailed.com/sold/UEPB1JfcOg
43,https://www.grailed.com/sold/uThegwaodg
44,https://www.grailed.com/sold/iWdg8Wa-1w
45,https://www.grailed.com/sold/z4Epcvt-qw
46,https://www.grailed.com/sold/2qtHprGvDw
47,https://www.grailed.com/sold/2ShfUeoYlw
48,https://www.grailed.com/sold
49,https://www.grailed.com/sold/vkvZdV0U0A
50,https://www.grailed.com/sold/C8dniZBUVg
51,https://www.grailed.com/sold/6_UjsXB2wQ
52,https://www.grailed.com/sold/ru1MWnEOpA
53,https://www.grailed.com/sold/nYIBEhIgxw
54,https://www.grailed.com/sold/pFzrF9gq3Q
55,https://www.grailed.com/sold
56,https://www.grailed.com/sold/fMlNi8vigQ
57,https://www.grailed.com/sold/AqdkapJVpQ
58,https://www.grailed.com/sold/G7Dq6wsSzg
59,https://www.grailed.com/sold/p3a8jXk3Gg
60,https://www.grailed.com/sold/bu7caxDlWA
61,https://www.grailed.com/sold/hnaVA7AA7A
62,https://www.grailed.com/sold/4PSJ2uES4Q
63,https://www.grailed.com/sold/Okgb0C7Png
64,https://www.grailed.com/sold/ip5zoJRE4Q
65,https://www.grailed.com/sold/7SrCcuVFew
66,https://www.grailed.com/sold/T59SeQ_egg
67,https://www.grailed.com/sold/2zNaY5iPYA
68,https://www.grailed.com/sold/EZmMqqxlJA
69,https://www.grailed.com/sold/nkBSgPaG8Q
70,https://www.grailed.com/sold/PHHznp-d1A
71,https://www.grailed.com/sold/rMQWQkzI-g
72,https://www.grailed.com/sold/koeUEbSaEQ
73,https://www.grailed.com/sold/LtpbbX5ozg
74,https://www.grailed.com/sold/aoCrOg_HfQ
75,https://www.grailed.com/sold/Skk-Vxv0UQ
76,https://www.grailed.com/sold/Z8ifdZ0sHQ
77,https://www.grailed.com/sold/IBwzO5GgWQ
78,https://www.grailed.com/sold/_mDDp_MnZg
79,https://www.grailed.com/sold/rkwMPXOhGQ
80,https://www.grailed.com/sold/H2n2K7qZVA
81,https://www.grailed.com/sold/DtO97j4wRg
82,https://www.grailed.com/sold/_OuxxsdG1w
83,https://www.grailed.com/sold/Pl6zyzly-A
84,https://www.grailed.com/sold/MgKawALUWA
85,https://www.grailed.com/sold/cXFeFzhN6Q
86,https://www.grailed.com/sold/uGJ0qVP2lg
87,https://www.grailed.com/sold/qmS8qKItow
88,https://www.grailed.com/sold/yK8pX17DIg
89,https://www.grailed.com/sold/MgcG_B77Lw
90,https://www.grailed.com/sold/5x-gF6j5GA
91,https://www.grailed.com/sold/YpUF5IAJQA
92,https://www.grailed.com/sold/qEslDcb0pg
93,https://www.grailed.com/sold/750cJEWkRg
94,https://www.grailed.com/sold/hSNgoU_wMg
95,https://www.grailed.com/sold/pvrLPCew7w
96,https://www.grailed.com/sold/4V4UDFaU-Q
97,https://www.grailed.com/sold/oQtuNeRtBw
98,https://www.grailed.com/sold/kULA3ImMQA
99,https://www.grailed.com/sold/5QQDYfMndw
100,https://www.grailed.com/sold/cvqkx-siBA
101,https://www.grailed.com/sold/uNxI6ziv_w
102,https://www.grailed.com/sold/Vp0C4xAthA
103,https://www.grailed.com/sold/cMY7VGbAzw
104,https://www.grailed.com/sold/jjteEQY0kA
105,https://www.grailed.com/sold/YSrexQ7WvA
106,https://www.grailed.com/sold/Ay6MUzxOPA
107,https://www.grailed.com/sold/850RQYFR_w
108,https://www.grailed.com/sold/bIrH1ueajg
109,https://www.grailed.com/sold/A_TmBYox1g
110,https://www.grailed.com/sold/99f3xgHB9Q
111,https://www.grailed.com/sold/eYaqUBCJxA
112,https://www.grailed.com/sold/2B1yPrq1NQ
113,https://www.grailed.com/sold/6A9vY3VykA
114,https://www.grailed.com/sold/Y5i9EXJ5jg
115,https://www.grailed.com/sold/xVuOalIajg
116,https://www.grailed.com/sold/B3KGldG7CQ
117,https://www.grailed.com/sold/l-N-Dw4usQ
118,https://www.grailed.com/sold/vNOt6GG5Zg
119,https://www.grailed.com/sold/CL6uIig4nA
120,https://www.grailed.com/sold/Jgl-HBQNbw
121,https://www.grailed.com/sold/_bXQTLOy5A
122,https://www.grailed.com/sold/jDUsjKCfbg
123,https://www.grailed.com/sold/DZKg8zUrAA
124,https://www.grailed.com/sold/b9y0TdjW4w
125,https://www.grailed.com/sold/ltdDnirblQ
126,https://www.grailed.com/sold/iyZs9QVjCA
127,https://www.grailed.com/sold/o5h4zL4lJg
128,https://www.grailed.com/sold/MRdYbsc9oA
129,https://www.grailed.com/sold/JWI3eakPxg
130,https://www.grailed.com/sold/VkgELu0YuA
131,https://www.grailed.com/sold/aRPUD8l4ew
132,https://www.grailed.com/sold/GVJoc18nGA
133,https://www.grailed.com/sold/Gm2kPSE4Aw
134,https://www.grailed.com/sold/7bM-O-Nn3g
135,https://www.grailed.com/sold/mevcuyb8cA
136,https://www.grailed.com/sold/FLCflb9gRg
137,https://www.grailed.com/sold/5XnLO8QbvA
138,https://www.grailed.com/sold/tvv_ZA0AWw
139,https://www.grailed.com/sold/UaYkd62Mbg
140,https://www.grailed.com/sold/MemSdd020A
141,https://www.grailed.com/sold/Lc39O29z9Q
142,https://www.grailed.com/sold/Fa3ODqwdrw
143,https://www.grailed.com/sold/z3BQo8I_BQ
144,https://www.grailed.com/sold/Gdyat95TXQ
145,https://www.grailed.com/sold/kRwKdC9RGg
146,https://www.grailed.com/sold/zVQvYKJCjw
147,https://www.grailed.com/sold/GWqiwZvL_g
148,https://www.grailed.com/sold/dNlXvQ3tqA
149,https://www.grailed.com/sold/LhbkV0ePyQ
150,https://www.grailed.com/sold/yETC5ftkHA
151,https://www.grailed.com/sold/oTFY4sK5_Q
152,https://www.grailed.com/sold/J7YDS1UKDA
153,https://www.grailed.com/sold/yuZFIjNmPw
154,https://www.grailed.com/sold/iLp37-HhoQ
155,https://www.grailed.com/sold/sAI33lnoiQ
156,https://www.grailed.com/sold/rs-X4tncyQ
157,https://www.grailed.com/sold/sKYrE5F3iA
158,https://www.grailed.com/sold/FSTGSLGGow
159,https://www.grailed.com/sold/LMWf2c8XeQ
160,https://www.grailed.com/sold/rQJI2xAFJw
161,https://www.grailed.com/sold/UFazAr84wA
162,https://www.grailed.com/sold/Wl7NW5_VuQ
163,https://www.grailed.com/sold/Ott59PmnTA
164,https://www.grailed.com/sold/9vvMyauCEg
165,https://www.grailed.com/sold/ro_S1daKyw
166,https://www.grailed.com/sold/gVsMqcEisw
167,https://www.grailed.com/sold/Qh1IQJEFyA
168,https://www.grailed.com/sold/WKd1AUbv4A
169,https://www.grailed.com/sold/NQ3kjNVppg
170,https://www.grailed.com/sold/UuxzDwiSlg
171,https://www.grailed.com/sold/zZRD_sub7g
172,https://www.grailed.com/sold/EKFWaaBZ6g
173,https://www.grailed.com/sold/WS9cbeFlKw
174,https://www.grailed.com/sold/LHy-_aNh9Q
175,https://www.grailed.com/sold/HFpDej6c4Q
176,https://www.grailed.com/sold/A1yH-XP3fA
177,https://www.grailed.com/sold/VK6dj1YKqg
178,https://www.grailed.com/sold/u3OmTaK2Ew
179,https://www.grailed.com/sold/xkDJQy6lCA
180,https://www.grailed.com/sold/JwKx5lezeA
181,https://www.grailed.com/sold/LLqpq5yRpg
182,https://www.grailed.com/sold/Y2TdPRST-w
183,https://www.grailed.com/sold/k69Xv0pWqQ
184,https://www.grailed.com/sold/lMGhKmPBZw
185,https://www.grailed.com/sold/HvFvQEdytA
186,https://www.grailed.com/sold/w4fM-S_3hA
187,https://www.grailed.com/sold/c-Smp0lcNA
188,https://www.grailed.com/sold/gj6FuLilgA
189,https://www.grailed.com/sold/w7PV7RKnBA
190,https://www.grailed.com/sold/cnNWGkpxiQ
191,https://www.grailed.com/sold/FiK58ed2Zw
192,https://www.grailed.com/sold/IamaAIwQcQ
193,https://www.grailed.com/sold/DRl4R17xGw
194,https://www.grailed.com/sold/CiSxKzjdpw
195,https://www.grailed.com/sold/lZmzX2tfRQ
196,https://www.grailed.com/sold/gs4qM27ozw
197,https://www.grailed.com/sold/6zLlmfO0ug
198,https://www.grailed.com/sold/QGs0dvxJbw
199,https://www.grailed.com/sold/8fMzQOLd3w
200,https://www.grailed.com/sold/rNVHGTZXAQ
201,https://www.grailed.com/sold/XHnAKufNjg
202,https://www.grailed.com/sold/qz2kfJQJqA
203,https://www.grailed.com/sold/yharGrKveA
204,https://www.grailed.com/sold/SSEE_n8CTg
205,https://www.grailed.com/sold/RkbXBfxGCw
206,https://www.grailed.com/sold/qXHq4WM2RA
207,https://www.grailed.com/sold/5PR5fS7F8Q
208,https://www.grailed.com/sold/Todyx-WD2Q
209,https://www.grailed.com/sold/dwvv1yXpHA
210,https://www.grailed.com/sold/TRLOxnnlQA
211,https://www.grailed.com/sold/0RZNHisD-Q
212,https://www.grailed.com/sold/CzjGU5Lifw
213,https://www.grailed.com/sold/SGprbqYSaA
214,https://www.grailed.com/sold/cFGS2EF3ZA
215,https://www.grailed.com/sold/qjQk-8bDyQ
216,https://www.grailed.com/sold/q9b04pU51w
217,https://www.grailed.com/sold/hbfzTfy5PQ
218,https://www.grailed.com/sold/nxw5VCaSFw
219,https://www.grailed.com/sold/5Feq6wKIHA
220,https://www.grailed.com/sold/IQrsVgfaGw
221,https://www.grailed.com/sold/NSWw6RGOIA
222,https://www.grailed.com/sold/gWxOKrtdVA
223,https://www.grailed.com/sold/5OWhO65xnA
224,https://www.grailed.com/sold/hwh8ouaoxQ
225,https://www.grailed.com/sold/SKKIRnsoWg
226,https://www.grailed.com/sold/OdLYA0PXQw
227,https://www.grailed.com/sold/PHWvg4ob0Q
228,https://www.grailed.com/sold/eb2V5qDL9w
229,https://www.grailed.com/sold/LMnYDUw3_g
230,https://www.grailed.com/sold/yTJAv-0oqg
231,https://www.grailed.com/sold/DMVTdq9i5g
232,https://www.grailed.com/sold/JyeF6HtyAw
233,https://www.grailed.com/sold/7CS6nPmjDw
234,https://www.grailed.com/sold/EbD6NFk-Mw
235,https://www.grailed.com/sold/yPE1Tfdpow
236,https://www.grailed.com/sold/roqAKcbyfw
237,https://www.grailed.com/sold/afyqUQXGvQ
238,https://www.grailed.com/sold/KKlINFgY4g
239,https://www.grailed.com/sold/ZqCavfhA4w
240,https://www.grailed.com/sold/7r1hQSVhpA
241,https://www.grailed.com/sold/bofQLO1OAw
242,https://www.grailed.com/sold/E_UhG1rA2g
243,https://www.grailed.com/sold/_qJSAlX9eQ
244,https://www.grailed.com/sold/LtscKMGteg
245,https://www.grailed.com/sold/Bk_XTajl1w
246,https://www.grailed.com/sold/QArwp3fNqQ
247,https://www.grailed.com/sold/Dv5UqVb68A
248,https://www.grailed.com/sold/POVC_BOQcg
249,https://www.grailed.com/sold/Sr_4sb2e1w
250,https://www.grailed.com/sold/foI8rKUHFw
251,https://www.grailed.com/sold/R0NQZBT4nw
252,https://www.grailed.com/sold/ZYnVxeuO3A
253,https://www.grailed.com/sold/P6pWc-PLZg
254,https://www.grailed.com/sold/uxHaGnG6pw
255,https://www.grailed.com/sold/p35CfFBWeg
256,https://www.grailed.com/sold/6aPAAESetg
257,https://www.grailed.com/sold/WiuQz-PEhw
258,https://www.grailed.com/sold/WC6edssvpQ
259,https://www.grailed.com/sold/b0mwl5ZbQQ
260,https://www.grailed.com/sold/b1rXzdOqYA
261,https://www.grailed.com/sold/oojkVgqglg
262,https://www.grailed.com/sold/i45RNH3-yA
263,https://www.grailed.com/sold/M7sUy590gQ
264,https://www.grailed.com/sold/accuErlguQ
265,https://www.grailed.com/sold/hVM4NCvpUQ
266,https://www.grailed.com/sold/MTEVTRTkng
267,https://www.grailed.com/sold/WDu187g7aQ
268,https://www.grailed.com/sold/XXLespADRw
269,https://www.grailed.com/sold/5mhY2js5Sg
270,https://www.grailed.com/sold/gImmS6BGeQ
271,https://www.grailed.com/sold/c6kaXBcArg
272,https://www.grailed.com/sold/-OpsYcbx4A
273,https://www.grailed.com/sold/FrBSjZadSw
274,https://www.grailed.com/sold/m8t8-2o9tA
275,https://www.grailed.com/sold/ZlkTO_d6CQ
276,https://www.grailed.com/sold/h2lgSOujFw
277,https://www.grailed.com/sold/B3SiYMANCw
278,https://www.grailed.com/sold/NRRTc3UCzA
279,https://www.grailed.com/sold/Xq3ghnM9rg
280,https://www.grailed.com/sold/RIuAs4RIhA
281,https://www.grailed.com/sold/JNBDRTp1lQ
282,https://www.grailed.com/sold/lCoIdC8Mxw
283,https://www.grailed.com/sold/ZQ4eot2FTw
284,https://www.grailed.com/sold/96kFjDDq2Q
285,https://www.grailed.com/sold/t4I9ynRKdw
286,https://www.grailed.com/sold/ns1p73VCwQ
287,https://www.grailed.com/sold/vU4EBRzOtg
288,https://www.grailed.com/sold/w3PeHxq8VQ
289,https://www.grailed.com/sold/u97Ddequcw
290,https://www.grailed.com/sold/7V9e2tH0Vw
291,https://www.grailed.com/sold/ICxxTz4AuA
292,https://www.grailed.com/sold/ibDCBJqIew
293,https://www.grailed.com/sold/KOODWTey1w
294,https://www.grailed.com/sold/rwD5waMyvQ
295,https://www.grailed.com/sold/0R0rJirRyw
296,https://www.grailed.com/sold/nMkk081DMw
297,https://www.grailed.com/sold/EOp3DvZDSg
298,https://www.grailed.com/sold/19wIwS7GIw
299,https://www.grailed.com/sold/z4uMEcQzWg
300,https://www.grailed.com/sold/k4AGGXReUg
301,https://www.grailed.com/sold/GQLK5jwUMg
302,https://www.grailed.com/sold/OuoWl2bThA
303,https://www.grailed.com/sold/taPPoyeJEw
304,https://www.grailed.com/sold
305,https://www.grailed.com/sold/qvFRosk9TA
306,https://www.grailed.com/sold/aDuchzH_Iw
307,https://www.grailed.com/sold/jKILDUqYTg
308,https://www.grailed.com/sold/tM82RsOCWA
309,https://www.grailed.com/sold/6k3lXdD0Tg
310,https://www.grailed.com/sold/0olu89iHLQ
311,https://www.grailed.com/sold/hCaBcmvCXQ
312,https://www.grailed.com/sold/XQtHKKDhrA
313,https://www.grailed.com/sold/5AgzRBmWtg
314,https://www.grailed.com/sold/18Zw4rIEVQ
315,https://www.grailed.com/sold/Q6ZdqlHR2Q
316,https://www.grailed.com/sold/wFrM45jrcg
317,https://www.grailed.com/sold/gnA5iLfcRA
318,https://www.grailed.com/sold/1RyfOg7N7g
319,https://www.grailed.com/sold/KT09nDpukA
320,https://www.grailed.com/sold/Z4y5AqJGQQ
321,https://www.grailed.com/sold/7zus2O2tnw
322,https://www.grailed.com/sold/GFxYZMQkew
323,https://www.grailed.com/sold/vQCFjX1mpQ
324,https://www.grailed.com/sold/5BfLKllUIQ
325,https://www.grailed.com/sold/H6d5TspWZQ
326,https://www.grailed.com/sold/PstfdhZmIQ
327,https://www.grailed.com/sold/wkU2hQDa6A
328,https://www.grailed.com/sold/8-eQtLEQvQ
329,https://www.grailed.com/sold/5KN8QgQOrA
330,https://www.grailed.com/sold/JnVkf7jByQ
331,https://www.grailed.com/sold/TNhuFiuG6A
332,https://www.grailed.com/sold/7bZcVUnMwg
333,https://www.grailed.com/sold/qv1TBciDOA
334,https://www.grailed.com/sold/nO1OSHwayA
335,https://www.grailed.com/sold/UykKcXeaWA
336,https://www.grailed.com/sold/DIwpWyyawg
337,https://www.grailed.com/sold/KBU4w7CJAQ
338,https://www.grailed.com/sold/BHiUO-2wSg
339,https://www.grailed.com/sold/Eo1XLSIiHQ
340,https://www.grailed.com/sold/K6GwqUnvkQ
341,https://www.grailed.com/sold/33CJkSplEg
342,https://www.grailed.com/sold
343,https://www.grailed.com/sold/W5N1NzUVKQ
344,https://www.grailed.com/sold/461VhIfhZg
345,https://www.grailed.com/sold/wP0xFu3akA
346,https://www.grailed.com/sold/9B3kCxi4XA
347,https://www.grailed.com/sold/8xLvcPk6Kg
348,https://www.grailed.com/sold/Lgfwoowz2g
349,https://www.grailed.com/sold/CS6-pmXrbQ
350,https://www.grailed.com/sold/8yI5Zkys7g
351,https://www.grailed.com/sold/Pse-tlToeA
352,https://www.grailed.com/sold/XUlyubbsIA
353,https://www.grailed.com/sold/PgK2Pa0LrQ
354,https://www.grailed.com/sold/5Gxgy0mXCw
355,https://www.grailed.com/sold/heG_72NQqA
356,https://www.grailed.com/sold/9b6XJFIj9A
357,https://www.grailed.com/sold/iGAVWrZI0A
358,https://www.grailed.com/sold/J0TQxzLTYg
359,https://www.grailed.com/sold/EjJbQzegwQ
360,https://www.grailed.com/sold/SgnYW2iY8w
361,https://www.grailed.com/sold/n-v5iUXfrg
362,https://www.grailed.com/sold/4gKIqdFs-A
363,https://www.grailed.com/sold/D8YW8mYSuw
364,https://www.grailed.com/sold/77XkrJh_dg
365,https://www.grailed.com/sold/eqeQ7LAUyA
366,https://www.grailed.com/sold/b0PhOkQv_A
367,https://www.grailed.com/sold/oCJ880iTyA
368,https://www.grailed.com/sold/Fbqa6ycHzg
369,https://www.grailed.com/sold/_lvSJ0MLVg
370,https://www.grailed.com/sold/86L3NHgguw
371,https://www.grailed.com/sold/I4JGhyAGjQ
372,https://www.grailed.com/sold/eh1NSD0swQ
373,https://www.grailed.com/sold/cqdnUZLoog
374,https://www.grailed.com/sold/OXyycMisoQ
375,https://www.grailed.com/sold/SBVp6wO-qw
376,https://www.grailed.com/sold/mPNasgLdeA
377,https://www.grailed.com/sold/NISEYTiF2w
378,https://www.grailed.com/sold/W6tr2S0H8Q
379,https://www.grailed.com/sold/gNzaDcbqvw
380,https://www.grailed.com/sold/zE6T_OcTJw
381,https://www.grailed.com/sold/2S93zrGIyw
382,https://www.grailed.com/sold/VcGGJHCwFg
383,https://www.grailed.com/sold/LLSUowgoSA
384,https://www.grailed.com/sold/phNTSBWRCg
385,https://www.grailed.com/sold/0yb1mFyQ1g
386,https://www.grailed.com/sold/v4yw3_8gug
387,https://www.grailed.com/sold/Su_R40fkuw
388,https://www.grailed.com/sold/e-snSzj15Q
389,https://www.grailed.com/sold/o5YF__j4hg
390,https://www.grailed.com/sold/5yo39AHz8Q
391,https://www.grailed.com/sold/1ZRLggEJpw
392,https://www.grailed.com/sold/-QAUNt6avg
393,https://www.grailed.com/sold/KUhmg9lFmQ
394,https://www.grailed.com/sold/Z07r5E8NLw
395,https://www.grailed.com/sold/wHXqSHofPg
396,https://www.grailed.com/sold/vn2ja3OEDA
397,https://www.grailed.com/sold/-vEh9D_HEg
398,https://www.grailed.com/sold/tDgEv5Yweg
399,https://www.grailed.com/sold
400,https://www.grailed.com/sold/58l4rbXV7Q
401,https://www.grailed.com/sold/CJW4Da3bAQ
402,https://www.grailed.com/sold
403,https://www.grailed.com/sold/QFcUg99TKw
404,https://www.grailed.com/sold/Az2e1pYLOg
405,https://www.grailed.com/sold/vE6VKrlwhA
406,https://www.grailed.com/sold/ooDEmyUuQg
407,https://www.grailed.com/sold/mQRZifuJ3Q
408,https://www.grailed.com/sold/RdZNxGjmRg
409,https://www.grailed.com/sold/t4K1YOIcXw
410,https://www.grailed.com/sold/SFHZOdtREQ
411,https://www.grailed.com/sold/-tqWOeIFdw
412,https://www.grailed.com/sold/vc_0-Moqpw
413,https://www.grailed.com/sold/nt8FT7HxzA
414,https://www.grailed.com/sold/L4unMGCZyg
415,https://www.grailed.com/sold/xxm8I8ONYg
416,https://www.grailed.com/sold/YM4ll7aalw
417,https://www.grailed.com/sold/1Ahjc0k2XQ
418,https://www.grailed.com/sold/CaNxiGqGpg
419,https://www.grailed.com/sold/gzU7IfkgDA
420,https://www.grailed.com/sold/3RfedJOT3Q
421,https://www.grailed.com/sold/t7Fvi290pg
422,https://www.grailed.com/sold/16PCxXqNPg
423,https://www.grailed.com/sold/okLH2Ooq5g
424,https://www.grailed.com/sold/I8V6db_8zQ
425,https://www.grailed.com/sold/kpvzTPUatA
426,https://www.grailed.com/sold/ywWzOVRa9A
427,https://www.grailed.com/sold/xMSNBaWu-Q
428,https://www.grailed.com/sold/6aWoD2Cvng
429,https://www.grailed.com/sold/3scyK7OR6Q
430,https://www.grailed.com/sold/4ormSRD4dA
431,https://www.grailed.com/sold/mnJEujUqvw
432,https://www.grailed.com/sold/SPe2biqsNA
433,https://www.grailed.com/sold/L9lcygUKfw
434,https://www.grailed.com/sold/4AwmvdRH8A
435,https://www.grailed.com/sold/cbrfnZ05fw
436,https://www.grailed.com/sold/zpqdLyLiQA
437,https://www.grailed.com/sold/oPnxeIoY-g
438,https://www.grailed.com/sold/4SWJksslMw
439,https://www.grailed.com/sold/-WaF9NOT0w
440,https://www.grailed.com/sold/XJ8DD68yJA
441,https://www.grailed.com/sold/QlcFLt64aw
442,https://www.grailed.com/sold/iDC__ezGTA
443,https://www.grailed.com/sold/s33mvZ8v7Q
444,https://www.grailed.com/sold/VeouH-HMVA
445,https://www.grailed.com/sold/fnjRpZ5mOw
446,https://www.grailed.com/sold/fYC0jphOFw
447,https://www.grailed.com/sold/kVNVWdWnyg
448,https://www.grailed.com/sold/3qYyeqGyJQ
449,https://www.grailed.com/sold/qxzCXM5WUQ
450,https://www.grailed.com/sold/P9KSMnx2VQ
451,https://www.grailed.com/sold/lf3VXJPRXw
452,https://www.grailed.com/sold/E0UmtJPLLQ
453,https://www.grailed.com/sold/2VZgYUUD2A
454,https://www.grailed.com/sold/hY_-Yxo9Ow
455,https://www.grailed.com/sold/RhoTRzdRaQ
456,https://www.grailed.com/sold/tN0MN7LkNg
457,https://www.grailed.com/sold/uhwZmHZtkg
458,https://www.grailed.com/sold/-FcrA5zYyA
459,https://www.grailed.com/sold/q_bOGtNapw
460,https://www.grailed.com/sold/soUEHXAyCQ
461,https://www.grailed.com/sold/5IUiEgUDOg
462,https://www.grailed.com/sold/VQS4GvpVog
463,https://www.grailed.com/sold/4MIwtHoFbw
464,https://www.grailed.com/sold/Cic2PYXlEg
465,https://www.grailed.com/sold/jlZYrr2H5Q
466,https://www.grailed.com/sold/uS3EhVrE9Q
467,https://www.grailed.com/sold/w5zUvmdMug
468,https://www.grailed.com/sold/sEEES5vFsQ
469,https://www.grailed.com/sold/rwt2zNMlnA
470,https://www.grailed.com/sold/42QhlrlGvA
471,https://www.grailed.com/sold/46baO-CIaw
472,https://www.grailed.com/sold/IAZlI6FfPQ
473,https://www.grailed.com/sold/HBaWsUc6aw
474,https://www.grailed.com/sold/ZtWGB4vmPg
475,https://www.grailed.com/sold/Ef1XCdiM6w
476,https://www.grailed.com/sold/OR-kAET7rA
477,https://www.grailed.com/sold/WAR3fr3jrw
478,https://www.grailed.com/sold/zijRQqCL-Q
479,https://www.grailed.com/sold/eUfou-f_kg
480,https://www.grailed.com/sold/6zoqnWmINw
481,https://www.grailed.com/sold/byddBJ8x1g
482,https://www.grailed.com/sold/qv8jXhOnIQ
483,https://www.grailed.com/sold/cYks5pn1CA
484,https://www.grailed.com/sold/Vo3MpOSqVw
485,https://www.grailed.com/sold/Z_WRmEMEvw
486,https://www.grailed.com/sold/yAHs4j5umg
487,https://www.grailed.com/sold/FOekx9VfRA
488,https://www.grailed.com/sold/2ZC9Qye0wg
489,https://www.grailed.com/sold/eOThQ7pN9A
490,https://www.grailed.com/sold
491,https://www.grailed.com/sold/U-1DuYUFvg
492,https://www.grailed.com/sold/0HZn554iSw
493,https://www.grailed.com/sold/Ys3yl8eFdw
494,https://www.grailed.com/sold/LuGOyaTwgg
495,https://www.grailed.com/sold/aX75wNLGRw
496,https://www.grailed.com/sold/7F0yQsd8JQ
497,https://www.grailed.com/sold/NBQ6r0K1aA
498,https://www.grailed.com/sold/m1SlB-du2Q
499,https://www.grailed.com/sold/OIVikMxFsQ
500,https://www.grailed.com/sold/KAfh3OPo2g
501,https://www.grailed.com/sold/UyQV7EAY6g
502,https://www.grailed.com/sold/aHkQokRYSw
503,https://www.grailed.com/sold/hPD4l78T4Q
504,https://www.grailed.com/sold/jJ5UV3x9ng
505,https://www.grailed.com/sold/yypV2hacsg
506,https://www.grailed.com/sold/xWdlU1ZSrw
507,https://www.grailed.com/sold/gh3uXExt5w
508,https://www.grailed.com/sold/L1wzUY-MaA
509,https://www.grailed.com/sold/OCIIlRltfQ
510,https://www.grailed.com/sold/hFTAtYF9Fg
511,https://www.grailed.com/sold/3-PJxQyrnA
512,https://www.grailed.com/sold/vQMajt1hMg
513,https://www.grailed.com/sold/OV4cacjyrw
514,https://www.grailed.com/sold/dufyJG_dZA
515,https://www.grailed.com/sold/dgNBe44PjA
516,https://www.grailed.com/sold/naU7f0HH1w
517,https://www.grailed.com/sold/LkuofPuCKw
518,https://www.grailed.com/sold/Ur1Ke5YTYw
519,https://www.grailed.com/sold/xrImmrRAaw
520,https://www.grailed.com/sold/BG8PCh44ow
521,https://www.grailed.com/sold/eb2PXRs6sg
522,https://www.grailed.com/sold/Ekf6SY6qIQ
523,https://www.grailed.com/sold/6smREEbCiw
524,https://www.grailed.com/sold/7lEjCOtb0Q
525,https://www.grailed.com/sold/hBbRBgxWyg
526,https://www.grailed.com/sold/eAqpzLBjCg
527,https://www.grailed.com/sold/dO4EeELJpg
528,https://www.grailed.com/sold/oVStDKYPPg
529,https://www.grailed.com/sold/-YqStLU--w
530,https://www.grailed.com/sold/uWXwykWv5g
531,https://www.grailed.com/sold/WlVg8MCk_w
532,https://www.grailed.com/sold/IEcDcM6V9g
533,https://www.grailed.com/sold/qiTE6RBgxA
534,https://www.grailed.com/sold/QUTyTHnO0g
535,https://www.grailed.com/sold/MVVY0FtKnA
536,https://www.grailed.com/sold/bY6zRC3tpw
537,https://www.grailed.com/sold/j2dKOsE39w
538,https://www.grailed.com/sold/IxH5zwfd4g
539,https://www.grailed.com/sold/vCw5IVXu_A
540,https://www.grailed.com/sold/GgZLJ_L58A
541,https://www.grailed.com/sold/s1jlkR9_Hw
542,https://www.grailed.com/sold/mS50lLfFQQ
543,https://www.grailed.com/sold/qa3jHpQBTQ
544,https://www.grailed.com/sold/Yaq6jznmTw
545,https://www.grailed.com/sold/msm_AwDVjQ
546,https://www.grailed.com/sold/fuw2Yyvf8g
547,https://www.grailed.com/sold/OoX10Ow7YA
548,https://www.grailed.com/sold/ac9o4NobDQ
549,https://www.grailed.com/sold/PibPDZLa4Q
550,https://www.grailed.com/sold/iNRMEBIsBQ
551,https://www.grailed.com/sold/oIvTWZodug
552,https://www.grailed.com/sold/J8KtwLNqNg
553,https://www.grailed.com/sold/1ef7k3QKcw
554,https://www.grailed.com/sold/e_A5PkpVwQ
555,https://www.grailed.com/sold/aymwzCfL3g
556,https://www.grailed.com/sold/kenKdQQrgQ
557,https://www.grailed.com/sold/7rRr8dqszg
558,https://www.grailed.com/sold/Rd7ydNaH-g
559,https://www.grailed.com/sold/oMKDPrgK5A
560,https://www.grailed.com/sold/fFEN4k_h2A
561,https://www.grailed.com/sold/NQnktuTZNw
562,https://www.grailed.com/sold/Ff4KNsjltw
563,https://www.grailed.com/sold/_CXTITvKTw
564,https://www.grailed.com/sold/uGaZsI4eIA
565,https://www.grailed.com/sold/zOlETe2mOg
566,https://www.grailed.com/sold/06QMDcyfwQ
567,https://www.grailed.com/sold/dM9yi5snCA
568,https://www.grailed.com/sold/LlrHl0HWtw
569,https://www.grailed.com/sold/C-ec9lUArQ
570,https://www.grailed.com/sold/mNiHjsVKLQ
571,https://www.grailed.com/sold/NJ6_TAOfqw
572,https://www.grailed.com/sold/GIzUCe4uyw
573,https://www.grailed.com/sold/iE6luC1RfQ
574,https://www.grailed.com/sold/3wb2pYNakg
575,https://www.grailed.com/sold/3JYsHAE7rQ
576,https://www.grailed.com/sold/HddQnU3GSA
577,https://www.grailed.com/sold/EApQnmmUQw
578,https://www.grailed.com/sold/XFfUmypA9g
579,https://www.grailed.com/sold/IGsRpPKhNg
580,https://www.grailed.com/sold/xNo0RWp7zg
581,https://www.grailed.com/sold/8RXJrCoLMw
582,https://www.grailed.com/sold/Lo44B6bs_Q
583,https://www.grailed.com/sold/lZchKmpLlA
584,https://www.grailed.com/sold/vb1jwvKyBA
585,https://www.grailed.com/sold/lq4n0HJ5gA
586,https://www.grailed.com/sold/Wt-6OUsKqw
587,https://www.grailed.com/sold/j5-zP4r7qw
588,https://www.grailed.com/sold/_FlCdNcQzw
589,https://www.grailed.com/sold/fjSdlNv8UQ
590,https://www.grailed.com/sold/WeU61sSxPw
591,https://www.grailed.com/sold/bnYTrtDWjg
592,https://www.grailed.com/sold/gFM8YbgBoA
593,https://www.grailed.com/sold/NaXbBTMdnw
594,https://www.grailed.com/sold/MajQ9yj8SA
595,https://www.grailed.com/sold/LWbfeulskw
596,https://www.grailed.com/sold/HGqNMRgDXw
597,https://www.grailed.com/sold/QEDz7LbVHw
598,https://www.grailed.com/sold/Fv5Z_wu1Ow
599,https://www.grailed.com/sold/m0-dRY2AoA
600,https://www.grailed.com/sold/ntlev98Q-A
601,https://www.grailed.com/sold/SrKCM54oGg
602,https://www.grailed.com/sold/tEbZKbV1Uw
603,https://www.grailed.com/sold/QXRbcaX4TA
604,https://www.grailed.com/sold/s3SgnrYLLg
605,https://www.grailed.com/sold/XpAakQ6khw
606,https://www.grailed.com/sold/XohDJmnk3A
607,https://www.grailed.com/sold/qbhXNLGCVQ
608,https://www.grailed.com/sold/TuUGy0iDsg
609,https://www.grailed.com/sold/VBfIBJ8bqQ
610,https://www.grailed.com/sold/aASbk5vrcw
611,https://www.grailed.com/sold/1SaRzO9Y9g
612,https://www.grailed.com/sold/T9UDjesQqA
613,https://www.grailed.com/sold/KcwHf1t6iQ
614,https://www.grailed.com/sold/2oGLKd_2LA
615,https://www.grailed.com/sold/uGQLR9MF2g
616,https://www.grailed.com/sold/9nnspS8wlQ
617,https://www.grailed.com/sold/Il36zm3_og
618,https://www.grailed.com/sold/vSCMh_p3lQ
619,https://www.grailed.com/sold/SDZT9LpAKQ
620,https://www.grailed.com/sold/_jZVWR0CLw
621,https://www.grailed.com/sold/Og55EgFVxw
622,https://www.grailed.com/sold/2u2XyM7bNA
623,https://www.grailed.com/sold/7mHljNBPlg
624,https://www.grailed.com/sold/Q6mEyqivtg
625,https://www.grailed.com/sold/LSigWr3mjQ
626,https://www.grailed.com/sold/fzVjyv3o8A
627,https://www.grailed.com/sold/vVnwd2JuOw
628,https://www.grailed.com/sold/dfgrDcj5fQ
629,https://www.grailed.com/sold/3Rxfb94UxA
630,https://www.grailed.com/sold/5DIv5clkiQ
631,https://www.grailed.com/sold/EWoHYdoheg
632,https://www.grailed.com/sold/6yyp8cS3Pw
633,https://www.grailed.com/sold/OSwUw_1Z1Q
634,https://www.grailed.com/sold/A9yiakOxrw
635,https://www.grailed.com/sold/KLnZGMdAiw
636,https://www.grailed.com/sold/6vnI71qFGg
637,https://www.grailed.com/sold/6PjcgCowNg
638,https://www.grailed.com/sold/sBFyvpIGFw
639,https://www.grailed.com/sold/rBuq5GlpNg
640,https://www.grailed.com/sold/26Gec9XUEA
641,https://www.grailed.com/sold/T7HJW_p2_w
642,https://www.grailed.com/sold/zZiGMhkALQ
643,https://www.grailed.com/sold/nGQeji8DoA
644,https://www.grailed.com/sold/zx4tHmgbBw
645,https://www.grailed.com/sold/g6kAGqqZ5g
646,https://www.grailed.com/sold/Tc2qJ2yS4A
647,https://www.grailed.com/sold/x__gjD8_HA
648,https://www.grailed.com/sold/eE67tp_oEA
649,https://www.grailed.com/sold/Scr7_LfaGw
650,https://www.grailed.com/sold/iwjDFoQMqw
651,https://www.grailed.com/sold/e5VZF_aUGQ
652,https://www.grailed.com/sold/QkR-MUygsg
653,https://www.grailed.com/sold/DstSc9BicQ
654,https://www.grailed.com/sold/Vgd00pVQ6w
655,https://www.grailed.com/sold/5MBlqH-LFg
656,https://www.grailed.com/sold/j5AIM2iEVQ
657,https://www.grailed.com/sold/No9UxpcS1Q
658,https://www.grailed.com/sold/6RJedDNG1g
659,https://www.grailed.com/sold/TQrin1z2Ig
660,https://www.grailed.com/sold/kqs2A1_10w
661,https://www.grailed.com/sold/dSy-TeCJ-g
662,https://www.grailed.com/sold/_eJv9XhOqA
663,https://www.grailed.com/sold/gdmOOEfRpw
664,https://www.grailed.com/sold/_P4SummTcQ
665,https://www.grailed.com/sold/6uFIuZgqFQ
666,https://www.grailed.com/sold/SRQV6BSxQA
667,https://www.grailed.com/sold/AhrH4InGmg
668,https://www.grailed.com/sold/5uY7I93NmQ
669,https://www.grailed.com/sold/Yom72lWH0g
670,https://www.grailed.com/sold/UqQABWFRsw
671,https://www.grailed.com/sold/OphpkWRCaA
672,https://www.grailed.com/sold/Ah_UercI8w
673,https://www.grailed.com/sold/jCzmumgtUg
674,https://www.grailed.com/sold/KmHUf8MOng
675,https://www.grailed.com/sold/8iqNEE-Njg
676,https://www.grailed.com/sold/FGOMYZFmvQ
677,https://www.grailed.com/sold/QFnhJjonFA
678,https://www.grailed.com/sold/5vZj8j356w
679,https://www.grailed.com/sold/p1hBQSZhpw
680,https://www.grailed.com/sold/PsVwkXA-tw
681,https://www.grailed.com/sold/xCx6uzCHaA
682,https://www.grailed.com/sold/_NOStnKXxQ
683,https://www.grailed.com/sold/2ae0Ld_Tkw
684,https://www.grailed.com/sold/Yw97_Yl_nQ
685,https://www.grailed.com/sold/bTtNcfTBhA
686,https://www.grailed.com/sold/S4a2hY-B9Q
687,https://www.grailed.com/sold/WvFt_xsePQ
688,https://www.grailed.com/sold/pa_T7Zy6XQ
689,https://www.grailed.com/sold/g41TFIkvFQ
690,https://www.grailed.com/sold/BUmDXs1mwQ
691,https://www.grailed.com/sold/FIkOySfdXw
692,https://www.grailed.com/sold/yRgUx0iBAg
693,https://www.grailed.com/sold/rjxD-n2qEQ
694,https://www.grailed.com/sold/Od0TiYhV1A
695,https://www.grailed.com/sold/-GJX-pa06w
696,https://www.grailed.com/sold/S-oirFbD1A
697,https://www.grailed.com/sold/h-ELt7fYyg
698,https://www.grailed.com/sold/y2nTlEoISQ
699,https://www.grailed.com/sold/SPEY9VSPAg
700,https://www.grailed.com/sold/nbw5qYAbxA
701,https://www.grailed.com/sold/D6-nraWDqw
702,https://www.grailed.com/sold/ZMUEMxt-HQ
703,https://www.grailed.com/sold/ilE-ig4NuA
704,https://www.grailed.com/sold/-3aEKpYU5g
705,https://www.grailed.com/sold/qLnGjfmTXA
706,https://www.grailed.com/sold/LRV2l0ctRA
707,https://www.grailed.com/sold/lpaiauQuMQ
708,https://www.grailed.com/sold/d62iUXV_9w
709,https://www.grailed.com/sold/vjq0w-jF8A
710,https://www.grailed.com/sold/VVrgecgeXQ
711,https://www.grailed.com/sold/Xt1UAAaa5Q
712,https://www.grailed.com/sold/XCqMxMbFpw
713,https://www.grailed.com/sold/T6_cNxTVHw
714,https://www.grailed.com/sold/i7p2-661Sw
715,https://www.grailed.com/sold/vIG3azbohA
716,https://www.grailed.com/sold/y0oLCu0_XQ
717,https://www.grailed.com/sold/Eek6vsWQ2Q
718,https://www.grailed.com/sold/3gXLyqZgRA
719,https://www.grailed.com/sold/Fhi3zL7QQg
720,https://www.grailed.com/sold/veW4zIPmqw
721,https://www.grailed.com/sold/QlkCHRqx3Q
722,https://www.grailed.com/sold/lHFV4Cqm4A
723,https://www.grailed.com/sold/dzDZVmnhhw
724,https://www.grailed.com/sold/DcEbGpQ_fQ
725,https://www.grailed.com/sold/Yy6SfE5rYg
726,https://www.grailed.com/sold/JNUHuXb-RQ
727,https://www.grailed.com/sold/PqXabr9Qhw
728,https://www.grailed.com/sold/AfOa1vucUw
729,https://www.grailed.com/sold/qkL1ve0KbA
730,https://www.grailed.com/sold/ifS7LI-cCw
731,https://www.grailed.com/sold/SUyqQWPWBg
732,https://www.grailed.com/sold/8_EnerelDA
733,https://www.grailed.com/sold/8Z1-aLbb4A
734,https://www.grailed.com/sold/-onsozc3uA
735,https://www.grailed.com/sold/lRhZ12f9sA
736,https://www.grailed.com/sold/Wuoq7LZlxw
737,https://www.grailed.com/sold/SoFHlwG6-Q
738,https://www.grailed.com/sold/GzytThNyxg
739,https://www.grailed.com/sold/KIoySbySIg
740,https://www.grailed.com/sold/qF0wQVftew
741,https://www.grailed.com/sold/vN4RRbnXBg
742,https://www.grailed.com/sold/8BebDDFrWw
743,https://www.grailed.com/sold/Y2q4sgRt4g
744,https://www.grailed.com/sold/107K_5LV0Q
745,https://www.grailed.com/sold/2wdc3sUilw
746,https://www.grailed.com/sold/HVAedDj2iA
747,https://www.grailed.com/sold/kqk7OlfrZg
748,https://www.grailed.com/sold/LtwEV4mt6w
749,https://www.grailed.com/sold/tIKJhsIrmg
750,https://www.grailed.com/sold/8VKSvDARsw
751,https://www.grailed.com/sold/OA7PiMyf7Q
752,https://www.grailed.com/sold/HvhlHM_ECQ
753,https://www.grailed.com/sold/XG2gQbPnsw
754,https://www.grailed.com/sold/Rm8V7_SZLw
755,https://www.grailed.com/sold/hT9uqrMZSQ
756,https://www.grailed.com/sold/ySl5npXYcg
757,https://www.grailed.com/sold/F3-fyw2ioA
758,https://www.grailed.com/sold/-G3d9zbr0Q
759,https://www.grailed.com/sold/bUuzRWcqaw
760,https://www.grailed.com/sold/KZid9TsBMw
761,https://www.grailed.com/sold/VJLXWoHVYA
762,https://www.grailed.com/sold/UCdEIq_4rQ
763,https://www.grailed.com/sold/nbc1bQG_3Q
764,https://www.grailed.com/sold/c26Vlfjv-A
765,https://www.grailed.com/sold/-7B_gv_ztg
766,https://www.grailed.com/sold/TzEqdoFQDA
767,https://www.grailed.com/sold/jXAPmDPkoQ
768,https://www.grailed.com/sold/kS-h_EeLTA
769,https://www.grailed.com/sold/ryxMKU_6rA
770,https://www.grailed.com/sold/3dbHEzVN6Q
771,https://www.grailed.com/sold/xb-JsnMVGQ
772,https://www.grailed.com/sold/q5HuSgqjsg
773,https://www.grailed.com/sold/LUcLlRNKyQ
774,https://www.grailed.com/sold/6xBDpjAFgA
775,https://www.grailed.com/sold/xolULuoMcA
776,https://www.grailed.com/sold/WbcBUVZnvQ
777,https://www.grailed.com/sold/DCH1Mq-9uw
778,https://www.grailed.com/sold/S9TgWgwwLA
779,https://www.grailed.com/sold/02eoGWv7GA
780,https://www.grailed.com/sold/0QWODJvViQ
781,https://www.grailed.com/sold/0zeYVjkFnA
782,https://www.grailed.com/sold/_a6UcffByA
783,https://www.grailed.com/sold/Mfq9lPVVmg
784,https://www.grailed.com/sold/szi9mPKn1w
785,https://www.grailed.com/sold/IxFT1xl8oQ
786,https://www.grailed.com/sold/mvQwnscVDg
787,https://www.grailed.com/sold/JmQVJGfHBw
788,https://www.grailed.com/sold/u-QBQM1Ymg
789,https://www.grailed.com/sold/W9K71XnSWg
790,https://www.grailed.com/sold/jagD9zRLXw
791,https://www.grailed.com/sold/ZIc_si15dg
792,https://www.grailed.com/sold/npl7kC_hBQ
793,https://www.grailed.com/sold/TBFv2D9NlQ
794,https://www.grailed.com/sold/wQXdOfEMvA
795,https://www.grailed.com/sold/P9fRwWz9Mw
796,https://www.grailed.com/sold/Znv3vORytw
797,https://www.grailed.com/sold/T41-xyufDQ
798,https://www.grailed.com/sold/o3qu7K3rKA
799,https://www.grailed.com/sold/xavQ4rZXyA
800,https://www.grailed.com/sold/lUFYHloWqQ
801,https://www.grailed.com/sold/kK6RRz6-XQ
802,https://www.grailed.com/sold/aTGtDwuHNw
803,https://www.grailed.com/sold/V5vojfK8rA
804,https://www.grailed.com/sold/lo0v82nvTQ
805,https://www.grailed.com/sold/v-zC1FrfqA
806,https://www.grailed.com/sold/Uk57NTE1Og
807,https://www.grailed.com/sold/zAhZloz8Wg
808,https://www.grailed.com/sold/7FmBOlOATw
809,https://www.grailed.com/sold/nw4FwRkOmg
810,https://www.grailed.com/sold/XZnZL551dg
811,https://www.grailed.com/sold/5V4N7oEzRA
812,https://www.grailed.com/sold/atgqKQhjcw
813,https://www.grailed.com/sold/KlydvuShMw
814,https://www.grailed.com/sold/jJlnPV4YmQ
815,https://www.grailed.com/sold/XKEvQRr4rg
816,https://www.grailed.com/sold/cyBuTI-T0w
817,https://www.grailed.com/sold/ZjKCV5c3kw
818,https://www.grailed.com/sold/V0cj5vckRw
819,https://www.grailed.com/sold/6EVyZJ9v_Q
820,https://www.grailed.com/sold/tZ0Ro4lm7A
821,https://www.grailed.com/sold/wtItUf0kcA
822,https://www.grailed.com/sold/H_4Doz08pw
823,https://www.grailed.com/sold/eHTJTc8oEg
824,https://www.grailed.com/sold/LdZsW7GQ1g
825,https://www.grailed.com/sold/k_K3YdDkIQ
826,https://www.grailed.com/sold/SNhL34f4mA
827,https://www.grailed.com/sold/VJJ126zycw
828,https://www.grailed.com/sold/i2okELYlAQ
829,https://www.grailed.com/sold/CcNNELx_pQ
830,https://www.grailed.com/sold/qTWiF23usg
831,https://www.grailed.com/sold/iWgJcQ0hVA
832,https://www.grailed.com/sold/07UDrLOsJQ
833,https://www.grailed.com/sold/Vt7wIZTTaA
834,https://www.grailed.com/sold/0D3J7JmqXQ
835,https://www.grailed.com/sold/NSGZZOPvMQ
836,https://www.grailed.com/sold/vHeUU_Frkg
837,https://www.grailed.com/sold/uTkxLmbUfA
838,https://www.grailed.com/sold/P2Erhxo8lA
839,https://www.grailed.com/sold/vwR7OcbJaQ
840,https://www.grailed.com/sold/QckFkZvdLA
841,https://www.grailed.com/sold/hKGRKBBRTA
842,https://www.grailed.com/sold/dqokLED5Dw
843,https://www.grailed.com/sold/SBuksAJhRw
844,https://www.grailed.com/sold/vJ1Lyoz5kA
845,https://www.grailed.com/sold/z7MW83z7XQ
846,https://www.grailed.com/sold/mzWIvlbOeg
847,https://www.grailed.com/sold/AtrHNtXD5g
848,https://www.grailed.com/sold/LIwg_NPhZw
849,https://www.grailed.com/sold/pzXIheeBPg
850,https://www.grailed.com/sold/1NkMsxxDug
851,https://www.grailed.com/sold/9-dCwM4R0Q
852,https://www.grailed.com/sold/W4oT3MYdsQ
853,https://www.grailed.com/sold/iEWOgbEyeA
854,https://www.grailed.com/sold/NKCFJ0A-zw
855,https://www.grailed.com/sold/UkbuLkfkEQ
856,https://www.grailed.com/sold/8kpI5PNRZQ
857,https://www.grailed.com/sold/Ul5sfu8njQ
858,https://www.grailed.com/sold/E40Audl98A
859,https://www.grailed.com/sold/r3F8ex2E0Q
860,https://www.grailed.com/sold/Q3XkrkQ46g
861,https://www.grailed.com/sold/_XpSa5yn6w
862,https://www.grailed.com/sold/9fHbUGgUbg
863,https://www.grailed.com/sold/DEJEpgD7vA
864,https://www.grailed.com/sold/MjfwDOSIBQ
865,https://www.grailed.com/sold/op4NxPv22g
866,https://www.grailed.com/sold/nhm3E2yYNA
867,https://www.grailed.com/sold/85r_iprAMA
868,https://www.grailed.com/sold/UIaeZPtH8g
869,https://www.grailed.com/sold/HpUHye9Kxg
870,https://www.grailed.com/sold/rzARXcW7Ag
871,https://www.grailed.com/sold/nE77YVfv1A
872,https://www.grailed.com/sold/ekIbKoxz8A
873,https://www.grailed.com/sold/pMl-nH01kg
874,https://www.grailed.com/sold/VfQst1wrew
875,https://www.grailed.com/sold/o8l0DZ58rQ
876,https://www.grailed.com/sold/F67uRUGb_A
877,https://www.grailed.com/sold/yk4EOGyyzw
878,https://www.grailed.com/sold/bGbbsEgZXA
879,https://www.grailed.com/sold/Vo2rrp4thA
880,https://www.grailed.com/sold/byzRy2OlYA
881,https://www.grailed.com/sold/fzSS-NTr-w
882,https://www.grailed.com/sold/VKGYOekbBQ
883,https://www.grailed.com/sold/JGiUFCpS0w
884,https://www.grailed.com/sold/mULWqydZqQ
885,https://www.grailed.com/sold/2XJSYDs05w
886,https://www.grailed.com/sold/zViKz8zojQ
887,https://www.grailed.com/sold/WQRTwyHYdw
888,https://www.grailed.com/sold/Ivw1or3PBQ
889,https://www.grailed.com/sold/YRuqZ56UqA
890,https://www.grailed.com/sold/Il1-l6BcmA
891,https://www.grailed.com/sold/5qY5i13B4A
892,https://www.grailed.com/sold/QVGCNs_QPQ
893,https://www.grailed.com/sold/XwFrC5m4og
894,https://www.grailed.com/sold/MvWsB3MU5A
895,https://www.grailed.com/sold/iGRvF83Yfg
896,https://www.grailed.com/sold/D9AQAE6nGg
897,https://www.grailed.com/sold/Yz55Z_ishw
898,https://www.grailed.com/sold/hD2prVGNnA
899,https://www.grailed.com/sold/M1pJT53vUw
900,https://www.grailed.com/sold/T9U2p6g9aA
901,https://www.grailed.com/sold/zo0SyFTkCw
902,https://www.grailed.com/sold/wphxkdHn8A
903,https://www.grailed.com/sold/a6P4RIpywA
904,https://www.grailed.com/sold/A3Q5DOlNQw
905,https://www.grailed.com/sold/G8mYoXcLGA
906,https://www.grailed.com/sold/yNiDLnUt2A
907,https://www.grailed.com/sold/Jfwrq0bbXg
908,https://www.grailed.com/sold/WMt6X7ZWTw
909,https://www.grailed.com/sold/NeHvuyC5pA
910,https://www.grailed.com/sold/XYxPnnQE8A
911,https://www.grailed.com/sold/w9DWuKUd1Q
912,https://www.grailed.com/sold/t8VFzKYb3Q
913,https://www.grailed.com/sold/qL4B2dgRwg
914,https://www.grailed.com/sold
915,https://www.grailed.com/sold/ut_NUDra3w
916,https://www.grailed.com/sold/yPUzpL18iA
917,https://www.grailed.com/sold/Aw7g4NOyJg
918,https://www.grailed.com/sold/WCJ4p27ndA
919,https://www.grailed.com/sold/kYD5UrQXcw
920,https://www.grailed.com/sold/wogPqFG7CQ
921,https://www.grailed.com/sold/3rIUp907LA
922,https://www.grailed.com/sold/0AVlngwbOQ
923,https://www.grailed.com/sold/7zTCJmCBMQ
924,https://www.grailed.com/sold/5He4gw8sTg
925,https://www.grailed.com/sold/l-pCWJzbYw
926,https://www.grailed.com/sold/nQlU9pbRNw
927,https://www.grailed.com/sold/lYmjwZ_bRA
928,https://www.grailed.com/sold/ypAujH5ScQ
929,https://www.grailed.com/sold/hvId19epbw
930,https://www.grailed.com/sold/LJoRddCLCg
931,https://www.grailed.com/sold/G_hOzf3WJQ
932,https://www.grailed.com/sold/Or-zHyajUQ
933,https://www.grailed.com/sold/Vwzd3kyV1g
934,https://www.grailed.com/sold/YxXYR49R3A
935,https://www.grailed.com/sold/4_doq9MElw
936,https://www.grailed.com/sold/z85NQXH8xw
937,https://www.grailed.com/sold/io8-v2qShw
938,https://www.grailed.com/sold/lwPTnKjAkQ
939,https://www.grailed.com/sold/gvMEBcNEHw
940,https://www.grailed.com/sold/RrWTWlXWIQ
941,https://www.grailed.com/sold/pnIpViQWsw
942,https://www.grailed.com/sold/4PFUrWg_Hw
943,https://www.grailed.com/sold/FyBMq6Seeg
944,https://www.grailed.com/sold/sQ7OCVkPDw
945,https://www.grailed.com/sold/X1LsgsJ1xA
946,https://www.grailed.com/sold/cbNY7aaqsg
947,https://www.grailed.com/sold/BUynABCHTA
948,https://www.grailed.com/sold/PdcISp2KeQ
949,https://www.grailed.com/sold/07EGGYtp3g
950,https://www.grailed.com/sold/ykiBohSlMg
951,https://www.grailed.com/sold/We220cXCgQ
952,https://www.grailed.com/sold/X5VdjESICw
953,https://www.grailed.com/sold/92vfRNXyDg
954,https://www.grailed.com/sold/wC1JrEsCZA
955,https://www.grailed.com/sold/cTlturREuQ
956,https://www.grailed.com/sold/NlXLFbBXxQ
957,https://www.grailed.com/sold/WJUElPDB7Q
958,https://www.grailed.com/sold/yUPU18VLIg
959,https://www.grailed.com/sold/z2qdS20IXA
960,https://www.grailed.com/sold/ZE6DMu6EZg
961,https://www.grailed.com/sold/RcaxbtdMYw
962,https://www.grailed.com/sold/ambOergcqA
963,https://www.grailed.com/sold/gXY2GlUxug
964,https://www.grailed.com/sold/C0T9jz99bg
965,https://www.grailed.com/sold/Z3U-TnHqUg
966,https://www.grailed.com/sold/43fwMj7Utw
967,https://www.grailed.com/sold/az9Q-dmubw
