,Link
0,https://www.grailed.com/sold/hgv6VEguKQ
1,https://www.grailed.com/sold/FZpeP5eNhQ
2,https://www.grailed.com/sold/mk69Khyzyg
3,https://www.grailed.com/sold/2ehO81J6SQ
4,https://www.grailed.com/sold/HNVFe5nlxQ
5,https://www.grailed.com/sold
6,https://www.grailed.com/sold/Ydh7cuN-fg
7,https://www.grailed.com/sold/iY6f17KbYg
8,https://www.grailed.com/sold/FyHmxOEKNw
9,https://www.grailed.com/sold/OG9-wA8jhw
10,https://www.grailed.com/sold/b_ixzUOcjg
11,https://www.grailed.com/sold/2GSA9yfcjA
12,https://www.grailed.com/sold/OcJ0oLM4KA
13,https://www.grailed.com/sold/v08B0wiJRw
14,https://www.grailed.com/sold/6_-l1Vtb3Q
15,https://www.grailed.com/sold/IcmwaHzzbQ
16,https://www.grailed.com/sold/1_gcL7tYiA
17,https://www.grailed.com/sold/995jLFTusw
18,https://www.grailed.com/sold/sXPW1igD6w
19,https://www.grailed.com/sold/xAQuscCAIw
20,https://www.grailed.com/sold/SngW2-gBGQ
21,https://www.grailed.com/sold/YaR4luDRpA
22,https://www.grailed.com/sold/WhYFva-UeQ
23,https://www.grailed.com/sold/rNT8yi0dRA
24,https://www.grailed.com/sold/C0XUmcINdw
25,https://www.grailed.com/sold/R1elDP6aGg
26,https://www.grailed.com/sold/Q_uzN3DA3Q
27,https://www.grailed.com/sold/9Xjp0I2E1w
28,https://www.grailed.com/sold/7AJRl0zlEA
29,https://www.grailed.com/sold/soMklMJT_Q
30,https://www.grailed.com/sold/ktiUgqRdFQ
31,https://www.grailed.com/sold/EyQ4HsCodA
32,https://www.grailed.com/sold/oQTr4EdFxA
33,https://www.grailed.com/sold/00awET-KvA
34,https://www.grailed.com/sold/Ns8qwj54dQ
35,https://www.grailed.com/sold/V-yYXT6NyQ
36,https://www.grailed.com/sold/wte_K1eQJg
37,https://www.grailed.com/sold/UMXkMIJZ_Q
38,https://www.grailed.com/sold/N4iHvXLgiA
39,https://www.grailed.com/sold/pY9hWJ0KZA
40,https://www.grailed.com/sold/oGL1hQQ8Dg
41,https://www.grailed.com/sold/iNR9YWL0Jw
42,https://www.grailed.com/sold/OLtI66A6qg
43,https://www.grailed.com/sold/PHgskSwEww
44,https://www.grailed.com/sold/UwJ4qCkuHQ
45,https://www.grailed.com/sold/EaA30_Exxw
46,https://www.grailed.com/sold/gL8NYv-cmg
47,https://www.grailed.com/sold/XgaIGmb0eA
48,https://www.grailed.com/sold/J-wmPF8HWA
49,https://www.grailed.com/sold/eODjirZLFg
50,https://www.grailed.com/sold/zcIeNx-Rfw
51,https://www.grailed.com/sold/EObdcjKbsg
52,https://www.grailed.com/sold/UoZF97G0OA
53,https://www.grailed.com/sold/J7jo-KaYHA
54,https://www.grailed.com/sold/jUi-u1X7tg
55,https://www.grailed.com/sold/s3M9rYzYjg
56,https://www.grailed.com/sold/gxc3rKVtew
57,https://www.grailed.com/sold/Gx2Cel4g6A
58,https://www.grailed.com/sold/Cxbs55Hpzw
59,https://www.grailed.com/sold/6jyiDFKfTw
60,https://www.grailed.com/sold/EqcpTJAPfg
61,https://www.grailed.com/sold/pmaZuLSu1A
62,https://www.grailed.com/sold/TvJ2wYiKfw
63,https://www.grailed.com/sold/6GX8dtpo7g
64,https://www.grailed.com/sold/NP3hsZH07Q
65,https://www.grailed.com/sold/uqveb0NPrw
66,https://www.grailed.com/sold/2Y_v7A8m4A
67,https://www.grailed.com/sold/GiSurDx3Mg
68,https://www.grailed.com/sold/cwqPsuPRUg
69,https://www.grailed.com/sold/IESSDy6enQ
70,https://www.grailed.com/sold/51sLwtbF6g
71,https://www.grailed.com/sold/519IuNSzTw
72,https://www.grailed.com/sold/ntdEe942HQ
73,https://www.grailed.com/sold/lXuUEpFUqw
74,https://www.grailed.com/sold/ZPt-NLyNWA
75,https://www.grailed.com/sold/9UNWWdFCOQ
76,https://www.grailed.com/sold/Gt7tF_LcfQ
77,https://www.grailed.com/sold/26etz1bHhQ
78,https://www.grailed.com/sold/Bun2eN-00g
79,https://www.grailed.com/sold/n-1J24r6OA
80,https://www.grailed.com/sold/5l4QJVK8aQ
81,https://www.grailed.com/sold/_xFgwK-ycw
82,https://www.grailed.com/sold/VrgMoaYFWQ
83,https://www.grailed.com/sold/CDoKLScYwg
84,https://www.grailed.com/sold/KlOBplMP4Q
85,https://www.grailed.com/sold/IHWbDT2IZg
86,https://www.grailed.com/sold
87,https://www.grailed.com/sold/4l4auh3e9Q
88,https://www.grailed.com/sold/JnkG2RPb2w
89,https://www.grailed.com/sold/0iktwaDOBQ
90,https://www.grailed.com/sold/vigbuXf31A
91,https://www.grailed.com/sold/YnTdPDXobA
92,https://www.grailed.com/sold
93,https://www.grailed.com/sold/T7xfmuKfIA
94,https://www.grailed.com/sold/eH6eXOgWkw
95,https://www.grailed.com/sold/AtH7LvnX-A
96,https://www.grailed.com/sold/QeHz4sFNzA
97,https://www.grailed.com/sold/W1GksPam9g
98,https://www.grailed.com/sold/-DJHpsLW3Q
99,https://www.grailed.com/sold/7taVex6uQQ
100,https://www.grailed.com/sold/IQinCC7l6Q
101,https://www.grailed.com/sold/RxLAgxd_Kg
102,https://www.grailed.com/sold/Up-JHZnQqw
103,https://www.grailed.com/sold/XW9bzEhDEw
104,https://www.grailed.com/sold/GJ0MHbTHfQ
105,https://www.grailed.com/sold/Yyd1ltJgNg
106,https://www.grailed.com/sold/zgw_mlrCtg
107,https://www.grailed.com/sold/RfFfO5znWQ
108,https://www.grailed.com/sold/_HcIMeLl3g
109,https://www.grailed.com/sold/GX5mKzNjpQ
110,https://www.grailed.com/sold/Dy8TgRj8-g
111,https://www.grailed.com/sold/IjZYXy4aQQ
112,https://www.grailed.com/sold/1ExvCcBkTg
113,https://www.grailed.com/sold/EXVjPoyMxA
114,https://www.grailed.com/sold/rKs20Doc3g
115,https://www.grailed.com/sold/pnyoqLNYKQ
116,https://www.grailed.com/sold/8Ag_pa-1tg
117,https://www.grailed.com/sold/dEGC8DetKw
118,https://www.grailed.com/sold/f2iCqJd9UQ
119,https://www.grailed.com/sold/r95we0KmoQ
120,https://www.grailed.com/sold/2St1otzUYg
121,https://www.grailed.com/sold/bTFNJ6zYzA
122,https://www.grailed.com/sold/0PV4t0DUag
123,https://www.grailed.com/sold/kl0QItrtNw
124,https://www.grailed.com/sold/5rQuqIHpIw
125,https://www.grailed.com/sold/BbeYT-I5VA
126,https://www.grailed.com/sold/Vv-H52sxCQ
127,https://www.grailed.com/sold/RWPNGc6EnQ
128,https://www.grailed.com/sold
129,https://www.grailed.com/sold/B0mwo5FDTg
130,https://www.grailed.com/sold/otjum69ERg
131,https://www.grailed.com/sold/1_JFAoLNgA
132,https://www.grailed.com/sold/-zZtIlPrAg
133,https://www.grailed.com/sold/Qo0ZJTtnVg
134,https://www.grailed.com/sold/Wz78qGATeA
135,https://www.grailed.com/sold/L8gprNJwIA
136,https://www.grailed.com/sold/qy448YCOSQ
137,https://www.grailed.com/sold/DcJrsY8FEw
138,https://www.grailed.com/sold/TMLdIoZUVQ
139,https://www.grailed.com/sold/sOp5NP7y2w
140,https://www.grailed.com/sold/zplzsCfx1Q
141,https://www.grailed.com/sold/rzWaOSDrpw
142,https://www.grailed.com/sold/-QwFIWPhpg
143,https://www.grailed.com/sold/CLMbMYLyIQ
144,https://www.grailed.com/sold/XbQ7gqfCJw
145,https://www.grailed.com/sold/R4mwmTF7yw
146,https://www.grailed.com/sold/v_FE09hdWw
147,https://www.grailed.com/sold/UeUbOHOs0g
148,https://www.grailed.com/sold/Te5-SShtww
149,https://www.grailed.com/sold/zuKXFqMgkw
150,https://www.grailed.com/sold/3EVkFha1XA
151,https://www.grailed.com/sold/0oSCV3RHYg
152,https://www.grailed.com/sold/gVHbbDvO_w
153,https://www.grailed.com/sold/ljc_dkohEA
154,https://www.grailed.com/sold/zU4r5GgnJQ
155,https://www.grailed.com/sold/Ndftd49ZBQ
156,https://www.grailed.com/sold/3KNzDyGLZg
157,https://www.grailed.com/sold/BSnUe_7jNg
158,https://www.grailed.com/sold/oYf8lnbieQ
159,https://www.grailed.com/sold/vp8TV76dsg
160,https://www.grailed.com/sold/Nni4Kg2naA
161,https://www.grailed.com/sold/HQna5U01Cw
162,https://www.grailed.com/sold/tFiD5zvJxQ
163,https://www.grailed.com/sold/OqIuYY-OVA
164,https://www.grailed.com/sold/AzNuUJ5qcg
165,https://www.grailed.com/sold/Gi8dHas11A
166,https://www.grailed.com/sold/qbmI24XgGA
167,https://www.grailed.com/sold/AvCaeBSRuw
168,https://www.grailed.com/sold/vDbvYq_t9w
169,https://www.grailed.com/sold/PW4ilZ7NuA
170,https://www.grailed.com/sold
171,https://www.grailed.com/sold/FumgaaKuTg
172,https://www.grailed.com/sold/1FiRntGOXQ
173,https://www.grailed.com/sold/hLk5r2F_2Q
174,https://www.grailed.com/sold/3_ciOf2D2Q
175,https://www.grailed.com/sold/li9xrGieqg
176,https://www.grailed.com/sold/cldulvSYMg
177,https://www.grailed.com/sold/VvQIvTpB7g
178,https://www.grailed.com/sold/R-bFalH2Uw
179,https://www.grailed.com/sold/kVxCS74yTg
180,https://www.grailed.com/sold/hQF5Y3Edww
181,https://www.grailed.com/sold/KfNwayFIiQ
182,https://www.grailed.com/sold/Q3GEIOjK7g
183,https://www.grailed.com/sold/j4eLH_rl-A
184,https://www.grailed.com/sold/3GoLJm0_MA
185,https://www.grailed.com/sold/m7jqU7TKqg
186,https://www.grailed.com/sold/oHATITy0bQ
187,https://www.grailed.com/sold/ULPCPtlbMQ
188,https://www.grailed.com/sold/mbqVxp2QRQ
189,https://www.grailed.com/sold/utKFCmEVRA
190,https://www.grailed.com/sold/7skoVgPhjQ
191,https://www.grailed.com/sold/7Khnpf5Xgg
192,https://www.grailed.com/sold/e4ijqGGhHw
193,https://www.grailed.com/sold/SdzumhwuHg
194,https://www.grailed.com/sold/jz3l8I07BA
195,https://www.grailed.com/sold/j-AOC39jLA
196,https://www.grailed.com/sold/xoPyDpzBmw
197,https://www.grailed.com/sold/V8rHXlmPgQ
198,https://www.grailed.com/sold/U_m7ePVtxA
199,https://www.grailed.com/sold/oHSTrVdA3Q
200,https://www.grailed.com/sold/SeSeKOtfOg
201,https://www.grailed.com/sold/oFjUeR51tA
202,https://www.grailed.com/sold/UqM1gYZtFA
203,https://www.grailed.com/sold/bNVDvFceYQ
204,https://www.grailed.com/sold/bO9KWU2-uw
205,https://www.grailed.com/sold/U7-AFyWBiA
206,https://www.grailed.com/sold/t18efHM_ZA
207,https://www.grailed.com/sold/F52P957C6A
208,https://www.grailed.com/sold/rS50s-3J9A
209,https://www.grailed.com/sold/-o9tmzHAsA
210,https://www.grailed.com/sold/_aXPCLQUoA
211,https://www.grailed.com/sold/A48zMgxjwg
212,https://www.grailed.com/sold/nw0mYOJUug
213,https://www.grailed.com/sold/n_40xFqRCA
214,https://www.grailed.com/sold/scX5zaIDpA
215,https://www.grailed.com/sold/LZ6edppEgA
216,https://www.grailed.com/sold/2tq1HSveQA
217,https://www.grailed.com/sold/SEEWrjUcCg
218,https://www.grailed.com/sold/7ZmLqzolDQ
219,https://www.grailed.com/sold/3LXFUd7loQ
220,https://www.grailed.com/sold/aZsCRjdCAw
221,https://www.grailed.com/sold/O-pmbi3lpA
222,https://www.grailed.com/sold/6oTB6yN6hg
223,https://www.grailed.com/sold/mWDU2fnBlw
224,https://www.grailed.com/sold
225,https://www.grailed.com/sold/-iJqYemgfQ
226,https://www.grailed.com/sold/LczM0_iQMQ
227,https://www.grailed.com/sold/rnZdit5GUw
228,https://www.grailed.com/sold/uHNK6bgzdA
229,https://www.grailed.com/sold/IRLieqsXBw
230,https://www.grailed.com/sold/FMqqou1pPw
231,https://www.grailed.com/sold/9AQF52ErDg
232,https://www.grailed.com/sold/9P6KSeT3yw
233,https://www.grailed.com/sold/mrVAWEPByA
234,https://www.grailed.com/sold/eHO9QIzzYw
235,https://www.grailed.com/sold/06zlCnuUew
236,https://www.grailed.com/sold/ilD-23yA4g
237,https://www.grailed.com/sold/uj29CIMjXA
238,https://www.grailed.com/sold/qSxyPEEKvA
239,https://www.grailed.com/sold/3XPHX6p_4w
240,https://www.grailed.com/sold/U26EmWbgWA
241,https://www.grailed.com/sold/bjwzIvvzrA
242,https://www.grailed.com/sold/3hhsNmJUiw
243,https://www.grailed.com/sold/fZAdmAy7NA
244,https://www.grailed.com/sold/sD80bfZ4ZA
245,https://www.grailed.com/sold/zfk6kQpChw
246,https://www.grailed.com/sold/TxVv9uXVpA
247,https://www.grailed.com/sold/35CGCz4UBg
248,https://www.grailed.com/sold/hB_K6zrL0Q
249,https://www.grailed.com/sold/luagCEIimg
250,https://www.grailed.com/sold/J5hivHnPhw
251,https://www.grailed.com/sold/H1bJ6rfDUg
252,https://www.grailed.com/sold/iUllfl6cnA
253,https://www.grailed.com/sold/4oZgzNYspA
254,https://www.grailed.com/sold/ddbEWf7iRQ
255,https://www.grailed.com/sold/jviFcLwshg
256,https://www.grailed.com/sold/1jl1ILGviw
257,https://www.grailed.com/sold/j6IE_ymt_g
258,https://www.grailed.com/sold/gMgtPUiT3Q
259,https://www.grailed.com/sold/TQUxlc8h6g
260,https://www.grailed.com/sold
261,https://www.grailed.com/sold/dT_PqBRw1g
262,https://www.grailed.com/sold/RaicYV09fw
263,https://www.grailed.com/sold/KJ6elnacpA
264,https://www.grailed.com/sold/BRvTtKNGJw
265,https://www.grailed.com/sold/Regswk5GXQ
266,https://www.grailed.com/sold/nb6BoBQ7Hg
267,https://www.grailed.com/sold/sbxwUWCnxw
268,https://www.grailed.com/sold/heU1tDRA6w
269,https://www.grailed.com/sold/nHRNGars4A
270,https://www.grailed.com/sold/vYVmp0NVzA
271,https://www.grailed.com/sold/P3ES1YqJZQ
272,https://www.grailed.com/sold/F1SNZ3U_mA
273,https://www.grailed.com/sold/MEmpv1AFfQ
274,https://www.grailed.com/sold/NcXcuV0wnQ
275,https://www.grailed.com/sold/fBbjfY_ZVg
276,https://www.grailed.com/sold/5TEzShvDWQ
277,https://www.grailed.com/sold/8jOS8Jcr1w
278,https://www.grailed.com/sold/JgQcZnd9Gg
279,https://www.grailed.com/sold/DQrq818jAw
280,https://www.grailed.com/sold/AB9qimt7LA
281,https://www.grailed.com/sold/U4vBA8yZdA
282,https://www.grailed.com/sold/Pt8kZlvaoA
283,https://www.grailed.com/sold/mmeyeRwsmg
284,https://www.grailed.com/sold/YF_tzLYmeQ
285,https://www.grailed.com/sold/bIGApizXHg
286,https://www.grailed.com/sold/ftvcuBI-Zw
287,https://www.grailed.com/sold/CzzsYRWigQ
288,https://www.grailed.com/sold/AykQvhJU2Q
289,https://www.grailed.com/sold/dmb3WBoOkA
290,https://www.grailed.com/sold/xcWGSJv-0g
291,https://www.grailed.com/sold/Be8DM3oDPw
292,https://www.grailed.com/sold/_MHQb6vQ2A
293,https://www.grailed.com/sold/uvV9TCN9iA
294,https://www.grailed.com/sold/rab6fonmcg
295,https://www.grailed.com/sold/30XZ-36EKw
296,https://www.grailed.com/sold/C6VKJ3PTQA
297,https://www.grailed.com/sold/0Bkk3ZsqnA
298,https://www.grailed.com/sold/0JKZasY2tQ
299,https://www.grailed.com/sold/eDMwDSR6aA
300,https://www.grailed.com/sold/wBE9v9iyGg
301,https://www.grailed.com/sold/9peTimrsTw
302,https://www.grailed.com/sold/Q0zItEaQQg
303,https://www.grailed.com/sold/1xZVZB8Kkg
304,https://www.grailed.com/sold/sNTAZQITig
305,https://www.grailed.com/sold/Z-ngsyHPxg
306,https://www.grailed.com/sold/mmnR_3g2gA
307,https://www.grailed.com/sold/bMTU4x4oMg
308,https://www.grailed.com/sold/0N0gz7Dojg
309,https://www.grailed.com/sold/kZ4iDqlEsQ
310,https://www.grailed.com/sold/3YKHQl7fMg
311,https://www.grailed.com/sold/Deam-aAdsg
312,https://www.grailed.com/sold/QG3JZAqQFw
313,https://www.grailed.com/sold/GsFFQ1EIeg
314,https://www.grailed.com/sold/zhIAcugSuQ
315,https://www.grailed.com/sold/hG5xe0WfDQ
316,https://www.grailed.com/sold/OpK-_ezM3A
317,https://www.grailed.com/sold/_gqLhpgJMA
318,https://www.grailed.com/sold/yUFFrY8Afw
319,https://www.grailed.com/sold/vaNIAKCQNQ
320,https://www.grailed.com/sold/i7tQMkkbcg
321,https://www.grailed.com/sold/tFSxowlygg
322,https://www.grailed.com/sold/WLjoowwidA
323,https://www.grailed.com/sold/ClVa7m6YTA
324,https://www.grailed.com/sold/a1eB-l-yUw
325,https://www.grailed.com/sold/SvjbRSFQwA
326,https://www.grailed.com/sold/UtvWFDW9Tg
327,https://www.grailed.com/sold/6D4XHr4mjQ
328,https://www.grailed.com/sold/J_LIJflXKg
329,https://www.grailed.com/sold/gFejEa11Lw
330,https://www.grailed.com/sold/qEasvgn7dg
331,https://www.grailed.com/sold/IXPvSb2uqA
332,https://www.grailed.com/sold/JkMymKjP5Q
333,https://www.grailed.com/sold/lqWpjge7uA
334,https://www.grailed.com/sold/rpkyJL9V1Q
335,https://www.grailed.com/sold/Ucp--5FibQ
336,https://www.grailed.com/sold/rxy4J_gLpg
337,https://www.grailed.com/sold/DSOJe2Op0g
338,https://www.grailed.com/sold/e87do6ngMA
339,https://www.grailed.com/sold/hd_XRRpvSQ
340,https://www.grailed.com/sold/QQ906X78SQ
341,https://www.grailed.com/sold/o3AVjqEzPw
342,https://www.grailed.com/sold/drEhdHFkeA
343,https://www.grailed.com/sold/KkhLyyIwyA
344,https://www.grailed.com/sold/_Jh5Oc5ozw
345,https://www.grailed.com/sold/lMIOdlhZBw
346,https://www.grailed.com/sold/kkST5mOcrA
347,https://www.grailed.com/sold/bz5MvX0PEQ
348,https://www.grailed.com/sold/kPiHr6TGAw
349,https://www.grailed.com/sold/2kr9njx0Iw
350,https://www.grailed.com/sold/iLcQYpId9g
351,https://www.grailed.com/sold/ErfkhalNog
352,https://www.grailed.com/sold/5LaAWlKfTA
353,https://www.grailed.com/sold/Tqwe9Cy78g
354,https://www.grailed.com/sold/296L_ZMh9w
355,https://www.grailed.com/sold/Wa8U7H_2tg
356,https://www.grailed.com/sold/Gmd5KA9v4w
357,https://www.grailed.com/sold/OKrmCHI-jw
358,https://www.grailed.com/sold/wQZFCUOp5Q
359,https://www.grailed.com/sold/As_k0m76Fw
360,https://www.grailed.com/sold/CGrkd-RgJw
361,https://www.grailed.com/sold/OGVxJQUbMA
362,https://www.grailed.com/sold/sCEICnStiw
363,https://www.grailed.com/sold/MEv2gr6PAw
364,https://www.grailed.com/sold/xzzOTO1B2A
365,https://www.grailed.com/sold/_3n6JwkI2Q
366,https://www.grailed.com/sold/Hc2ll3wPfg
367,https://www.grailed.com/sold/W78I1BzfFg
368,https://www.grailed.com/sold/aj_3_G0Msg
369,https://www.grailed.com/sold/CSvM7jAzmA
370,https://www.grailed.com/sold/sRZSZU2J6Q
371,https://www.grailed.com/sold/_schJxVeLA
372,https://www.grailed.com/sold/o2eueiW-Ng
373,https://www.grailed.com/sold/uonO1nJr2Q
374,https://www.grailed.com/sold/p_T4t5S6Mw
375,https://www.grailed.com/sold/ouoUoStlrw
376,https://www.grailed.com/sold/FfuwKBsBow
377,https://www.grailed.com/sold/ST8QvTYdSA
378,https://www.grailed.com/sold/q_bJqUEBHQ
379,https://www.grailed.com/sold/91Aj5yfIAw
380,https://www.grailed.com/sold/j1ViabqLxQ
381,https://www.grailed.com/sold/2CK1qR8Djw
382,https://www.grailed.com/sold/ve_3kP64BA
383,https://www.grailed.com/sold/35jt-gnBgA
384,https://www.grailed.com/sold/Yb3hZpz6tQ
385,https://www.grailed.com/sold/nI3KcuQSsQ
386,https://www.grailed.com/sold/7bLjzpv2Lg
387,https://www.grailed.com/sold/y_tLfeJp2g
388,https://www.grailed.com/sold/9M0qSo0wCA
389,https://www.grailed.com/sold/73klzd_WHA
390,https://www.grailed.com/sold/VjILzlA5Dg
391,https://www.grailed.com/sold/Ohx7p_u2ZQ
392,https://www.grailed.com/sold/mo8q6ekuNQ
393,https://www.grailed.com/sold/kwpzgb9Yyw
394,https://www.grailed.com/sold/NioE7SrNpg
395,https://www.grailed.com/sold/cpOfq-5cWw
396,https://www.grailed.com/sold/YTg5e4v0tw
397,https://www.grailed.com/sold/Il6v8MbIUQ
398,https://www.grailed.com/sold/c4lWSA8WhA
399,https://www.grailed.com/sold/xPB14VTExQ
400,https://www.grailed.com/sold/n-j5KI5rrA
401,https://www.grailed.com/sold/XW0toAvYow
402,https://www.grailed.com/sold/zQcs3lT5gQ
403,https://www.grailed.com/sold/upYJi3di-w
404,https://www.grailed.com/sold/_0qqZOSQsw
405,https://www.grailed.com/sold/eIUkMLdf1A
406,https://www.grailed.com/sold/8Xbj86qqvQ
407,https://www.grailed.com/sold/fBMg04F8FA
408,https://www.grailed.com/sold/Pn2Op9j2Tw
409,https://www.grailed.com/sold/rhZp3mHcIQ
410,https://www.grailed.com/sold/fjFv44sB3w
411,https://www.grailed.com/sold/4uT524e-FQ
412,https://www.grailed.com/sold/FnpXySEcBw
413,https://www.grailed.com/sold/_4x-ayaFzQ
414,https://www.grailed.com/sold/cEqudc4p_Q
415,https://www.grailed.com/sold/4AT8HVkDuA
416,https://www.grailed.com/sold/IwbKGSAJYg
417,https://www.grailed.com/sold/ZJj530Dy-w
418,https://www.grailed.com/sold/if3OBuFUJg
419,https://www.grailed.com/sold/HeHkgP46ag
420,https://www.grailed.com/sold/89DfRla1pQ
421,https://www.grailed.com/sold/eCIoMaFXag
422,https://www.grailed.com/sold/ecBv6c3scg
423,https://www.grailed.com/sold/nzHQSUGIwg
424,https://www.grailed.com/sold/YdXCk8aJUQ
425,https://www.grailed.com/sold/FolB-wIXvw
426,https://www.grailed.com/sold/n_EIaNIwPg
427,https://www.grailed.com/sold/AQiNTyNcGg
428,https://www.grailed.com/sold/7rHSZCqMWw
429,https://www.grailed.com/sold/q6vQsVUVIw
430,https://www.grailed.com/sold/7lwqajVpXA
431,https://www.grailed.com/sold/J-cf7plktQ
432,https://www.grailed.com/sold/iZTZRIFMnQ
433,https://www.grailed.com/sold/Kq7i1mlS3g
434,https://www.grailed.com/sold/0KaVtT17Cg
435,https://www.grailed.com/sold/S9kw61LqYQ
436,https://www.grailed.com/sold/DD7ncqKWyw
437,https://www.grailed.com/sold/o5LBEcZNww
438,https://www.grailed.com/sold/EjGRH1rv0A
439,https://www.grailed.com/sold/-BYWxoYSYg
440,https://www.grailed.com/sold/gZSlpcFdhQ
441,https://www.grailed.com/sold/D4zbGDBtpA
442,https://www.grailed.com/sold/aoWeYECYtw
443,https://www.grailed.com/sold/pQXm2mZagA
444,https://www.grailed.com/sold/UQXq8buLvw
445,https://www.grailed.com/sold/44T7VbQqSw
446,https://www.grailed.com/sold/dbWoHCCB_A
447,https://www.grailed.com/sold/dcJCd-NBXw
448,https://www.grailed.com/sold/GVBi-GuDXg
449,https://www.grailed.com/sold/zctMuIyAsA
450,https://www.grailed.com/sold/SoY6OJ9N_A
451,https://www.grailed.com/sold/DHjLv2fn5Q
452,https://www.grailed.com/sold/58mCV3oq5Q
453,https://www.grailed.com/sold/X3gddQpyTg
454,https://www.grailed.com/sold/BctCjnKAcg
455,https://www.grailed.com/sold/83fx8C2N5A
456,https://www.grailed.com/sold/E6mi1cC8nA
457,https://www.grailed.com/sold/zj4OUOhPzg
458,https://www.grailed.com/sold/7-2Xw3Retw
459,https://www.grailed.com/sold/gyHVx_zjTg
460,https://www.grailed.com/sold/kHi4G9eQoQ
461,https://www.grailed.com/sold/DEJCcSpKeA
462,https://www.grailed.com/sold/7KZhI4Fc-w
463,https://www.grailed.com/sold/U-mWKmIx-A
464,https://www.grailed.com/sold/GYu4hk-rlA
465,https://www.grailed.com/sold/reuxq--7eg
466,https://www.grailed.com/sold/RNLvxDNRng
467,https://www.grailed.com/sold/J-7mzpmN6A
468,https://www.grailed.com/sold/Y2y34mZkzQ
469,https://www.grailed.com/sold/rloOOjuSZQ
470,https://www.grailed.com/sold/Pya6Hgf62g
471,https://www.grailed.com/sold/hrSRZuV2Gg
472,https://www.grailed.com/sold/PAcYjGAe5Q
473,https://www.grailed.com/sold/076ZKPEpSA
474,https://www.grailed.com/sold/s_YfPRIqsQ
475,https://www.grailed.com/sold/dqtxTROZfQ
476,https://www.grailed.com/sold/xB0GqyaFNQ
477,https://www.grailed.com/sold/eCPWYZrrng
478,https://www.grailed.com/sold/3EY9gQljLw
479,https://www.grailed.com/sold/7Ha1pf5qXw
480,https://www.grailed.com/sold/SR-2xfZOiw
481,https://www.grailed.com/sold/LGs_Jajf-Q
482,https://www.grailed.com/sold/8dkHoqZdIA
483,https://www.grailed.com/sold/HAJoH9xi5g
484,https://www.grailed.com/sold/MRttb7yAaQ
485,https://www.grailed.com/sold/L-GvYjI4lg
486,https://www.grailed.com/sold/AY2aFuR09A
487,https://www.grailed.com/sold/l4FYCqbtFQ
488,https://www.grailed.com/sold/JHiSIcyEUQ
489,https://www.grailed.com/sold/3gP8-Zxadw
490,https://www.grailed.com/sold/5a9bbACsWA
491,https://www.grailed.com/sold/ONHNENbYPQ
492,https://www.grailed.com/sold/0vPdXplaLQ
493,https://www.grailed.com/sold/atD6NwZb-w
494,https://www.grailed.com/sold/k2HbBmy3cg
495,https://www.grailed.com/sold/UlmE6jxWDQ
496,https://www.grailed.com/sold/DfMVLLWgMA
497,https://www.grailed.com/sold/tk5XAf6nVA
498,https://www.grailed.com/sold/qWbNwaFVrw
499,https://www.grailed.com/sold/1vSCSaNwkA
500,https://www.grailed.com/sold/euR1WAZpIA
501,https://www.grailed.com/sold/BUD6_UhtgA
502,https://www.grailed.com/sold/zj6iGmQzVw
503,https://www.grailed.com/sold/peO-qSm35w
504,https://www.grailed.com/sold/HLaeL-V4EA
505,https://www.grailed.com/sold/uxOtsYPaJQ
506,https://www.grailed.com/sold/1L_lB7VdgA
507,https://www.grailed.com/sold/JsCPTFYD1Q
508,https://www.grailed.com/sold/Q2KNZfdy5A
509,https://www.grailed.com/sold/63QnHdRh7g
510,https://www.grailed.com/sold/HHlerN5dGw
511,https://www.grailed.com/sold/n7CM4wQYcQ
512,https://www.grailed.com/sold/0bV2yXBLgg
513,https://www.grailed.com/sold/16jLBFIPuA
514,https://www.grailed.com/sold/nyziSq6W0A
515,https://www.grailed.com/sold/2HRiEbT65w
516,https://www.grailed.com/sold/jnFtKda1LA
517,https://www.grailed.com/sold/kzR0bhvFyw
518,https://www.grailed.com/sold/rfzZc7eLpw
519,https://www.grailed.com/sold/-pRW-EmXQw
520,https://www.grailed.com/sold/cftI-76OYw
521,https://www.grailed.com/sold/FIG1OQFX9g
522,https://www.grailed.com/sold/ccU556dVEw
523,https://www.grailed.com/sold/OBgoP7P-cQ
524,https://www.grailed.com/sold/9I80UcvvPA
525,https://www.grailed.com/sold/urD71PqKZw
526,https://www.grailed.com/sold/lHPxNB4cpg
527,https://www.grailed.com/sold/qlNtXG4qUQ
528,https://www.grailed.com/sold/9ZLBoR5rVA
529,https://www.grailed.com/sold/MrT7X0eRtA
530,https://www.grailed.com/sold/OOEb-uBaWQ
531,https://www.grailed.com/sold/sARBVziCzA
532,https://www.grailed.com/sold/bhbRM5dj7A
533,https://www.grailed.com/sold/4sojBj8FPA
534,https://www.grailed.com/sold/F7eL1sT17g
535,https://www.grailed.com/sold/zsOXARoXjQ
536,https://www.grailed.com/sold/uHVA4hVmKA
537,https://www.grailed.com/sold/w8sCZ921Rw
538,https://www.grailed.com/sold/pSK20NLPCA
539,https://www.grailed.com/sold/1yxGpHP0gQ
540,https://www.grailed.com/sold/J6Y_s3hGLQ
541,https://www.grailed.com/sold/pXC3TX2Q0g
542,https://www.grailed.com/sold/58NSRTtQIw
543,https://www.grailed.com/sold/ApysIa6WKQ
544,https://www.grailed.com/sold/rFcDrYB4Wg
545,https://www.grailed.com/sold/5k-w7Zz9Ng
546,https://www.grailed.com/sold/OyX96Teb1Q
547,https://www.grailed.com/sold/BLhQcEK4cA
548,https://www.grailed.com/sold/KXap3l69WA
549,https://www.grailed.com/sold/IQ7ReXptfA
550,https://www.grailed.com/sold/0B71bisX7Q
551,https://www.grailed.com/sold/YHswwfNQ0A
552,https://www.grailed.com/sold/hZ1rLjKxgA
553,https://www.grailed.com/sold/XQBZ5pU8Yg
554,https://www.grailed.com/sold/mtnacXNEQw
555,https://www.grailed.com/sold/MoVn_6ZDxw
556,https://www.grailed.com/sold/CJVeHFVCEw
557,https://www.grailed.com/sold/HPzkaSRI0Q
558,https://www.grailed.com/sold/MAiUg9NLLQ
559,https://www.grailed.com/sold/XevyCO9X-Q
560,https://www.grailed.com/sold/gaQDjxbhmw
561,https://www.grailed.com/sold/BIaG2wvv1w
562,https://www.grailed.com/sold/ttSx9vk4kA
563,https://www.grailed.com/sold/M1p1v3saaQ
564,https://www.grailed.com/sold/-elhfyfCtw
565,https://www.grailed.com/sold/Rm-oh9blkA
566,https://www.grailed.com/sold/4-vBZVfVlQ
567,https://www.grailed.com/sold/uYapICOkqg
568,https://www.grailed.com/sold/Lx2dejdV6A
569,https://www.grailed.com/sold/Npvr1wZkWg
570,https://www.grailed.com/sold/zuBEyDEQdQ
571,https://www.grailed.com/sold/FipVpvEDvA
572,https://www.grailed.com/sold/JdFyJWHKtQ
573,https://www.grailed.com/sold/4YyFBtIwvg
574,https://www.grailed.com/sold/gRpgHIT9PQ
575,https://www.grailed.com/sold/BAiA326MHA
576,https://www.grailed.com/sold/hRdnt6n-kg
577,https://www.grailed.com/sold/6_SS0deSQA
578,https://www.grailed.com/sold/7BggoBtVWQ
579,https://www.grailed.com/sold/TMGXMJhQRw
580,https://www.grailed.com/sold/8n5bBFyckw
581,https://www.grailed.com/sold/CJY5m-CioQ
582,https://www.grailed.com/sold/TMPl75HwQQ
583,https://www.grailed.com/sold/77WSeqEnjA
584,https://www.grailed.com/sold/Q7h62p6-hQ
585,https://www.grailed.com/sold/KXNx6zCkmw
586,https://www.grailed.com/sold/wsXO9PVdSw
587,https://www.grailed.com/sold/dXMitstQzg
588,https://www.grailed.com/sold/vJap3_Z7cA
589,https://www.grailed.com/sold/mX3J-2skiA
590,https://www.grailed.com/sold/XS2k1AUlSQ
591,https://www.grailed.com/sold/qD4fZiFLDw
592,https://www.grailed.com/sold/LLQ3TyLPBw
593,https://www.grailed.com/sold/eGFu4tJ_kw
594,https://www.grailed.com/sold/_0w5Q2jatg
595,https://www.grailed.com/sold/aTA6kVRtEw
596,https://www.grailed.com/sold/CcPoXE5Z0A
597,https://www.grailed.com/sold/S3jD6EWlOA
598,https://www.grailed.com/sold/lP90M3mvzA
599,https://www.grailed.com/sold/XMl7eHUX2A
600,https://www.grailed.com/sold/ZN_l_33iog
601,https://www.grailed.com/sold/I2PHaZHKFg
602,https://www.grailed.com/sold/blnRh0Fp4Q
603,https://www.grailed.com/sold/Rg8-lrNpIA
604,https://www.grailed.com/sold/qDhXgJhXOQ
605,https://www.grailed.com/sold/xKzQ_jX3dA
606,https://www.grailed.com/sold/Yib-V2_ipA
607,https://www.grailed.com/sold/mZI-sYHgqQ
608,https://www.grailed.com/sold/13ZN2UcrSA
609,https://www.grailed.com/sold/46GulnU1sw
610,https://www.grailed.com/sold/oueqGylYhw
611,https://www.grailed.com/sold/88XzaK_lzg
612,https://www.grailed.com/sold/Nzgc8b7u3w
613,https://www.grailed.com/sold/j3mieAwLuA
614,https://www.grailed.com/sold/AJ50LeaS8g
615,https://www.grailed.com/sold/yTIFAyMRaQ
616,https://www.grailed.com/sold/87yS_Ik4NQ
617,https://www.grailed.com/sold/ucbnZCxcgQ
618,https://www.grailed.com/sold/Rh5TKFG5Ow
619,https://www.grailed.com/sold/pYpWEM4rhQ
620,https://www.grailed.com/sold/JbRAF28yGA
621,https://www.grailed.com/sold/edLaGkB1cQ
622,https://www.grailed.com/sold/GOpYHoEFyg
623,https://www.grailed.com/sold/8Wwf9w3gpQ
624,https://www.grailed.com/sold/a5fQla5tXg
625,https://www.grailed.com/sold/A9IvoqYK0g
626,https://www.grailed.com/sold/OKT_Cpagqg
627,https://www.grailed.com/sold/W3HSCsERjg
628,https://www.grailed.com/sold/9lIhg1u5CQ
629,https://www.grailed.com/sold/MahitMlnyQ
630,https://www.grailed.com/sold/xyIrQNEpwA
631,https://www.grailed.com/sold/mb2nYqpIgQ
632,https://www.grailed.com/sold/MZ-Ta-1TNQ
633,https://www.grailed.com/sold/S2IuJbDUPA
634,https://www.grailed.com/sold/0Pw1N_jrPA
635,https://www.grailed.com/sold/pqZ0n3I51g
636,https://www.grailed.com/sold/5wSyHBraHw
637,https://www.grailed.com/sold/zYlH2e3Mnw
638,https://www.grailed.com/sold/x0MkebEgIA
639,https://www.grailed.com/sold/JNvGcqxfoA
640,https://www.grailed.com/sold/8CgSGLs02w
641,https://www.grailed.com/sold/AIkrQrVRhA
642,https://www.grailed.com/sold/9bVE3NsaLA
643,https://www.grailed.com/sold/8FDUZkyGaw
644,https://www.grailed.com/sold/0J8wGGqHgQ
645,https://www.grailed.com/sold/SXGzaQ321Q
646,https://www.grailed.com/sold/aUH3t1JHdw
647,https://www.grailed.com/sold/LurmH_768Q
648,https://www.grailed.com/sold/_7z49QdmGg
649,https://www.grailed.com/sold/Xu2bIpiJ7Q
650,https://www.grailed.com/sold/gv4oClK5gg
651,https://www.grailed.com/sold/lTJJeWn-ww
652,https://www.grailed.com/sold/loMRVjaHXQ
653,https://www.grailed.com/sold/1TsslYijLA
654,https://www.grailed.com/sold/ZoXh8Iox8Q
655,https://www.grailed.com/sold/rITBckB2Ew
656,https://www.grailed.com/sold/Gyu7_-0D0A
657,https://www.grailed.com/sold/N3zlHPfm8w
658,https://www.grailed.com/sold/anxkrAbB4A
659,https://www.grailed.com/sold/sFsMS7S3OQ
660,https://www.grailed.com/sold/NtXRTXiugQ
661,https://www.grailed.com/sold/foguPnTI8A
662,https://www.grailed.com/sold/PMZtGx2vRg
663,https://www.grailed.com/sold/zF-8M7Tn3Q
664,https://www.grailed.com/sold
665,https://www.grailed.com/sold/MAReqfHuTQ
666,https://www.grailed.com/sold/q1pSoba9Iw
667,https://www.grailed.com/sold/76d8IMfAqA
668,https://www.grailed.com/sold/bm4Nyoxb5g
669,https://www.grailed.com/sold/QeG7XOCUDA
670,https://www.grailed.com/sold/bh_C9NiK9A
671,https://www.grailed.com/sold/U0jcddkltg
672,https://www.grailed.com/sold/nrOwWLFhZA
673,https://www.grailed.com/sold/8nykU_-fMQ
674,https://www.grailed.com/sold/VNfIcePJRg
675,https://www.grailed.com/sold/V2qRMoF2pQ
676,https://www.grailed.com/sold/STQZZpHnNQ
677,https://www.grailed.com/sold/bmCAR4lOpQ
678,https://www.grailed.com/sold/MoHpK0nsgw
679,https://www.grailed.com/sold/WtMpMe-0Qw
680,https://www.grailed.com/sold/dY9MBOpjlg
681,https://www.grailed.com/sold/UO7A9ReHiw
682,https://www.grailed.com/sold/BdRZ36GMwA
683,https://www.grailed.com/sold/udPPXm6YRg
684,https://www.grailed.com/sold/dtlF6OR2PQ
685,https://www.grailed.com/sold/UwNn_XcMig
686,https://www.grailed.com/sold/KAw_itOQdg
687,https://www.grailed.com/sold/HIyhEkcxxQ
688,https://www.grailed.com/sold/fAaboZ5BLA
689,https://www.grailed.com/sold/MNK-BWGvuw
690,https://www.grailed.com/sold/Lnr2ZJZQ7A
691,https://www.grailed.com/sold/NCrCBZzWjg
692,https://www.grailed.com/sold/Gd7YYnEL-w
693,https://www.grailed.com/sold/Gp4sBfQOQg
694,https://www.grailed.com/sold/H6gv0hofrg
695,https://www.grailed.com/sold/9WShed9zJQ
696,https://www.grailed.com/sold/-KJAI6f3Kg
697,https://www.grailed.com/sold/VtCrsnND1A
698,https://www.grailed.com/sold/ItQc22JwTg
699,https://www.grailed.com/sold/mS3OLVsb_g
700,https://www.grailed.com/sold/NmjMYBwBbQ
701,https://www.grailed.com/sold/69KVRJ5Xug
702,https://www.grailed.com/sold/fhZsyP4LWg
703,https://www.grailed.com/sold/mE8hRyr6ng
704,https://www.grailed.com/sold/RVWiTALkOA
705,https://www.grailed.com/sold/O2H5Hi5pJg
706,https://www.grailed.com/sold/AKy1t5uFzQ
707,https://www.grailed.com/sold/E-waEcGdMw
708,https://www.grailed.com/sold/n3l9VOAx0Q
709,https://www.grailed.com/sold/7YHM65FiBw
710,https://www.grailed.com/sold/iHGpAYxfxA
711,https://www.grailed.com/sold/zLChaOo1og
712,https://www.grailed.com/sold/IgqnvQdNOQ
713,https://www.grailed.com/sold/R-vMo2Swgg
714,https://www.grailed.com/sold/8Bu3at0GHA
715,https://www.grailed.com/sold/qvn5o3lI8A
716,https://www.grailed.com/sold/__FqKoqmTA
717,https://www.grailed.com/sold/XG9ms34z9g
718,https://www.grailed.com/sold/KtsnLJi-uw
719,https://www.grailed.com/sold/km8kvd-bng
720,https://www.grailed.com/sold/A6dKumoMlQ
721,https://www.grailed.com/sold/PrLo7Gsxdg
722,https://www.grailed.com/sold/a2_jpVIlYQ
723,https://www.grailed.com/sold/b5odkU0Nhw
724,https://www.grailed.com/sold/gtTjOAyfnw
725,https://www.grailed.com/sold/sZPEwzWY8Q
726,https://www.grailed.com/sold/QnSZGzFywQ
727,https://www.grailed.com/sold/ZyPxiK0GQQ
728,https://www.grailed.com/sold/19iUQMJxdA
729,https://www.grailed.com/sold/IrLVOirShg
730,https://www.grailed.com/sold/7ErQDIky2Q
731,https://www.grailed.com/sold/hxOdJCdwow
732,https://www.grailed.com/sold/cyld1EW8Jg
733,https://www.grailed.com/sold/8xYp63_lsA
734,https://www.grailed.com/sold/QKlMBBERBA
735,https://www.grailed.com/sold/JhcGOdqm1w
736,https://www.grailed.com/sold/Z-3ipwZzPg
737,https://www.grailed.com/sold/CXani82Uqg
738,https://www.grailed.com/sold/BoqfjNV0Ng
739,https://www.grailed.com/sold/zN3lBgYJeA
740,https://www.grailed.com/sold/-RClxjA9Ww
741,https://www.grailed.com/sold/xXYjr505Gg
742,https://www.grailed.com/sold/_8UgZEQTfg
743,https://www.grailed.com/sold/lXYwWa0Xrw
744,https://www.grailed.com/sold/Z9omvwa3iw
745,https://www.grailed.com/sold/Rg8-ojVScg
746,https://www.grailed.com/sold/YbmZCFGnCw
747,https://www.grailed.com/sold/aJMRYYFCKw
748,https://www.grailed.com/sold/d03iqaSuZQ
749,https://www.grailed.com/sold/dufDvjaarQ
750,https://www.grailed.com/sold/JHba2_SAyg
751,https://www.grailed.com/sold/5DbNzok0FQ
752,https://www.grailed.com/sold/9C3QF-9yEA
753,https://www.grailed.com/sold/AueiEUm1fw
754,https://www.grailed.com/sold/OW4oopbgvQ
755,https://www.grailed.com/sold/7La9vbnq4w
756,https://www.grailed.com/sold/a7CSaBiR6w
757,https://www.grailed.com/sold/U0wP4VVX7g
758,https://www.grailed.com/sold/vsOYgc60tA
759,https://www.grailed.com/sold/q0JqlhxmGQ
760,https://www.grailed.com/sold/azeNwCKH5w
761,https://www.grailed.com/sold/UvqpVXStwQ
762,https://www.grailed.com/sold/ZhYoF4cPXA
763,https://www.grailed.com/sold/L7mV1_rzGA
764,https://www.grailed.com/sold/yBZlrLnOCQ
765,https://www.grailed.com/sold/qp9PUIVuRQ
766,https://www.grailed.com/sold/99SNrqsVVQ
767,https://www.grailed.com/sold/4GyxDdEOYg
768,https://www.grailed.com/sold/RZ8vP1ROOg
769,https://www.grailed.com/sold/50G8Tlcrpw
770,https://www.grailed.com/sold/cq752TKg9w
771,https://www.grailed.com/sold/3cj6ktBozA
772,https://www.grailed.com/sold/zhho3AKzpw
773,https://www.grailed.com/sold/yUAizb8g7Q
774,https://www.grailed.com/sold/z7uyHzv2QA
775,https://www.grailed.com/sold/YPzNeHFHuA
776,https://www.grailed.com/sold/k5WZFz9OmA
777,https://www.grailed.com/sold/RnXAhfZhPA
778,https://www.grailed.com/sold/yX2NI8tdhQ
779,https://www.grailed.com/sold/Ss_KS_OtIA
780,https://www.grailed.com/sold/wq_rvixYOg
781,https://www.grailed.com/sold/r3hhHwLASg
782,https://www.grailed.com/sold/kb9Nr6h1Ag
783,https://www.grailed.com/sold/K8j-J7ehVw
784,https://www.grailed.com/sold/CUk3EFODEw
785,https://www.grailed.com/sold/T7weXgBIwA
786,https://www.grailed.com/sold/0FKLzWW0gg
787,https://www.grailed.com/sold/EB9Yfp28tw
788,https://www.grailed.com/sold/YWK2_CNv6g
789,https://www.grailed.com/sold/UiQdcO_caw
790,https://www.grailed.com/sold/7tY-9Z2JDQ
791,https://www.grailed.com/sold/4s3RH0BsDQ
792,https://www.grailed.com/sold/HHJNqt98NA
793,https://www.grailed.com/sold/wBAlGxuh7g
794,https://www.grailed.com/sold/G6sWX8GUOQ
795,https://www.grailed.com/sold/CQOTa-KXwA
796,https://www.grailed.com/sold/R05jknE0CA
797,https://www.grailed.com/sold/iZuQJ5hF2w
798,https://www.grailed.com/sold/90I06CYVtw
799,https://www.grailed.com/sold/eM6lMZzVEg
800,https://www.grailed.com/sold/aSmklNWgfA
801,https://www.grailed.com/sold/Malg_Dk_qg
802,https://www.grailed.com/sold/M0KRKIX9kQ
803,https://www.grailed.com/sold/cMgv86L0Hg
804,https://www.grailed.com/sold/bd5sqKfraQ
805,https://www.grailed.com/sold/YPPJZM3GDQ
806,https://www.grailed.com/sold/0v3jtGnpDQ
807,https://www.grailed.com/sold/P_Iw3J7nWA
808,https://www.grailed.com/sold/sLPw28SW1g
809,https://www.grailed.com/sold/1VH6NyWHaA
810,https://www.grailed.com/sold/nvKpqncCHQ
811,https://www.grailed.com/sold/NXF97tnOmA
812,https://www.grailed.com/sold/zeeZPiREdw
813,https://www.grailed.com/sold/MtdBjFCCzA
814,https://www.grailed.com/sold/AF7eHbEQ0Q
815,https://www.grailed.com/sold/0PA8jKllPg
816,https://www.grailed.com/sold/jsvuGWqXPw
817,https://www.grailed.com/sold/mYiVgSlK_w
818,https://www.grailed.com/sold/Gib7gxn5-g
819,https://www.grailed.com/sold/OHKIIgocNw
820,https://www.grailed.com/sold/iNMGsJxvEA
821,https://www.grailed.com/sold/VVRM7518NQ
822,https://www.grailed.com/sold/yOflC32muw
823,https://www.grailed.com/sold/DeI-kIRPvQ
824,https://www.grailed.com/sold/3VihhlmiOQ
825,https://www.grailed.com/sold/b3lez1XqZg
826,https://www.grailed.com/sold/VWtR5jRv0g
827,https://www.grailed.com/sold/5EEKl8FzJQ
828,https://www.grailed.com/sold/1HR5NhiO2A
829,https://www.grailed.com/sold/Agk1sFIFPQ
830,https://www.grailed.com/sold/FLlTnnEx4Q
831,https://www.grailed.com/sold/ZUuhAUqpfw
832,https://www.grailed.com/sold/BtO2Dfvp2Q
833,https://www.grailed.com/sold/9lyXTGeHpQ
834,https://www.grailed.com/sold/MUCLYeVK9g
835,https://www.grailed.com/sold/Zjdoy2NPCA
836,https://www.grailed.com/sold/lrtq20o-uA
837,https://www.grailed.com/sold/j6LnOQzBOA
838,https://www.grailed.com/sold/6bFxfCu5_A
839,https://www.grailed.com/sold/BnPEzQ8ZEw
840,https://www.grailed.com/sold/_tW7NCqemA
841,https://www.grailed.com/sold/A9QBjmgeqA
842,https://www.grailed.com/sold/jINClhyMtQ
843,https://www.grailed.com/sold/zIZVnM3gXw
844,https://www.grailed.com/sold/LPYtAFjsSg
845,https://www.grailed.com/sold/QdCEQU6JfQ
846,https://www.grailed.com/sold/xH29nmN5sg
847,https://www.grailed.com/sold/4D-oNOoiig
848,https://www.grailed.com/sold/tGwfVIdO5w
849,https://www.grailed.com/sold/gs8fntYJLA
850,https://www.grailed.com/sold/hnxWqSsE_g
851,https://www.grailed.com/sold/LbnPgRrJ0g
852,https://www.grailed.com/sold/yaCvmSLRrQ
853,https://www.grailed.com/sold/0HK776f5tQ
854,https://www.grailed.com/sold/98mx7iux_A
855,https://www.grailed.com/sold/aEAZJ-WZJQ
856,https://www.grailed.com/sold/T8IqT60QqA
857,https://www.grailed.com/sold/a3BPX7m-Tg
858,https://www.grailed.com/sold/O8ar2j1Qpw
859,https://www.grailed.com/sold/1nHKD-t0FA
860,https://www.grailed.com/sold/P3evOUiTMQ
861,https://www.grailed.com/sold/-Ulb5Ux9Sw
862,https://www.grailed.com/sold/JNueZEfJVg
863,https://www.grailed.com/sold/Yk3XeKFQrA
864,https://www.grailed.com/sold/Q6KEamG9KA
865,https://www.grailed.com/sold/hBK7ycsU6Q
866,https://www.grailed.com/sold/K7jUcGE20w
867,https://www.grailed.com/sold/ucLMtmSoHw
868,https://www.grailed.com/sold/SJ9dNAYNSw
869,https://www.grailed.com/sold/TseVATj6iw
870,https://www.grailed.com/sold/W5UnRiEczQ
871,https://www.grailed.com/sold/B06sMiqi-Q
872,https://www.grailed.com/sold/O4JndRrAqA
873,https://www.grailed.com/sold/kT10Zi8sBQ
874,https://www.grailed.com/sold/6wKzwo6AoQ
875,https://www.grailed.com/sold/aa2Kr8o5SA
876,https://www.grailed.com/sold/YfD7Y0kknQ
877,https://www.grailed.com/sold/JYmQY_meCg
878,https://www.grailed.com/sold/0IoZx6VgKA
879,https://www.grailed.com/sold/PwaMPKmngQ
880,https://www.grailed.com/sold/8CebKeJ4jg
881,https://www.grailed.com/sold/Q1FksMpnEQ
882,https://www.grailed.com/sold/Y150EuqFZw
883,https://www.grailed.com/sold/XX2gif64NA
884,https://www.grailed.com/sold/GfFW2Ovjuw
885,https://www.grailed.com/sold/ikfbXDYKEg
886,https://www.grailed.com/sold/HshtwPAdaw
887,https://www.grailed.com/sold/osyVsGK8bA
888,https://www.grailed.com/sold/VCM_b9KKJA
889,https://www.grailed.com/sold/D4Ktqs3dEw
890,https://www.grailed.com/sold/CJR4udJyEw
891,https://www.grailed.com/sold/mE-fXX3YLQ
892,https://www.grailed.com/sold/cZ77uatA-A
893,https://www.grailed.com/sold/LWGIZy-69w
894,https://www.grailed.com/sold/KJTtxBj8pA
895,https://www.grailed.com/sold/IDZYr7OoTA
896,https://www.grailed.com/sold/YV3JgKFBCQ
897,https://www.grailed.com/sold/4HZHSWwBGg
898,https://www.grailed.com/sold/Vx3xj4TisQ
899,https://www.grailed.com/sold/bcHjF7cjzQ
900,https://www.grailed.com/sold/ef6oBNKZzQ
901,https://www.grailed.com/sold/CUEan0b1VA
902,https://www.grailed.com/sold/M73J8BJvQQ
903,https://www.grailed.com/sold/ZUhD_yBJqQ
904,https://www.grailed.com/sold/ht9UU3Gz1A
905,https://www.grailed.com/sold/JGdEbCkqTA
906,https://www.grailed.com/sold/wbLHCVJ1jQ
907,https://www.grailed.com/sold/HoXQGzFSpQ
908,https://www.grailed.com/sold/7GBpKJgehw
909,https://www.grailed.com/sold/-poL7gnEpQ
910,https://www.grailed.com/sold/uBjac84pTw
911,https://www.grailed.com/sold/WgwU69RHAQ
912,https://www.grailed.com/sold/6cpGXXYdAg
913,https://www.grailed.com/sold/dRIX1OI7AQ
914,https://www.grailed.com/sold/Po7f1brQxw
915,https://www.grailed.com/sold/hw3Sf3RWHA
916,https://www.grailed.com/sold/FsPpKo5s6A
917,https://www.grailed.com/sold/FrVIlw7GeA
918,https://www.grailed.com/sold/cmUQIrXT5A
919,https://www.grailed.com/sold/1gT_rWec6Q
920,https://www.grailed.com/sold/oMS-wrBpUw
921,https://www.grailed.com/sold/NKpJiFqbXA
922,https://www.grailed.com/sold/HMSTjV13cQ
923,https://www.grailed.com/sold/5AeDnPLFQw
924,https://www.grailed.com/sold/xxV_bpxUsg
925,https://www.grailed.com/sold/_PxkhMUz-w
926,https://www.grailed.com/sold/_BXBYzWZPQ
927,https://www.grailed.com/sold/bctfMjyW8w
928,https://www.grailed.com/sold/uACLCJtBGQ
929,https://www.grailed.com/sold/O5c-5spDHA
930,https://www.grailed.com/sold/GmnaO3Mw_Q
931,https://www.grailed.com/sold/_bR_cInTqA
932,https://www.grailed.com/sold/oU3u981HuA
933,https://www.grailed.com/sold/VeZrFgr_aw
934,https://www.grailed.com/sold/D43hexgaiQ
935,https://www.grailed.com/sold/KZVT1ASacQ
936,https://www.grailed.com/sold/is4CGEhtkg
937,https://www.grailed.com/sold/JTt0uZslJw
938,https://www.grailed.com/sold/ic_aBYRDzA
939,https://www.grailed.com/sold/aRyUk4qVDg
940,https://www.grailed.com/sold/TsZ8-3tfcQ
941,https://www.grailed.com/sold/Yu26JukNaA
942,https://www.grailed.com/sold/BO-PWCXMXg
943,https://www.grailed.com/sold/UTRKS4VL1A
944,https://www.grailed.com/sold/av2zqRUYtg
945,https://www.grailed.com/sold/OV-IlXSLEg
946,https://www.grailed.com/sold/bxoS_yYQ_A
947,https://www.grailed.com/sold/LhBy9Rb9Gg
948,https://www.grailed.com/sold/vjGPFq8Idw
949,https://www.grailed.com/sold/bcS2oh3TDA
950,https://www.grailed.com/sold/uSZ_MmSlzw
951,https://www.grailed.com/sold/bklWAWYJgQ
952,https://www.grailed.com/sold/UpAnSJ870Q
953,https://www.grailed.com/sold/6TlqGWHGWA
954,https://www.grailed.com/sold/ViuQwKb3TA
955,https://www.grailed.com/sold/mvhDW5VA0g
956,https://www.grailed.com/sold/-3EAQ14gFA
957,https://www.grailed.com/sold/dlucT2e5qw
958,https://www.grailed.com/sold/94oZy5KGKw
959,https://www.grailed.com/sold/Hxql_xZUsw
960,https://www.grailed.com/sold/hu51jiQPSQ
961,https://www.grailed.com/sold/ooapIhnsyA
962,https://www.grailed.com/sold/C9AP3I2gZw
963,https://www.grailed.com/sold/P37HUmDQwA
964,https://www.grailed.com/sold/ll3SME36Bg
965,https://www.grailed.com/sold/R2_vCo_cDw
966,https://www.grailed.com/sold/-mLyNjTVNA
967,https://www.grailed.com/sold/qMKQA1AV8g
968,https://www.grailed.com/sold/0uMDLwN6uA
969,https://www.grailed.com/sold/5QqzowCt0A
970,https://www.grailed.com/sold/w4xumzDdgQ
971,https://www.grailed.com/sold/eZXfWdbehg
972,https://www.grailed.com/sold/aaegvrWihg
973,https://www.grailed.com/sold/6XbZUUo9Hw
974,https://www.grailed.com/sold/X1WGrFgwaA
975,https://www.grailed.com/sold/fvhws8x67g
976,https://www.grailed.com/sold/DlZKC_4dtA
977,https://www.grailed.com/sold/ghQk1xwLdg
978,https://www.grailed.com/sold/1RriP6mfcg
979,https://www.grailed.com/sold/1CGzUBeGFA
980,https://www.grailed.com/sold/Ag-p8-KrLQ
981,https://www.grailed.com/sold/EUvdgH8n4g
982,https://www.grailed.com/sold/QTMpSgIMvA
983,https://www.grailed.com/sold/TH181ic25A
984,https://www.grailed.com/sold/KskQcW4lyQ
985,https://www.grailed.com/sold/zsO-PmUXqg
986,https://www.grailed.com/sold/hJmLzhomiQ
987,https://www.grailed.com/sold/xPUh3A72Mg
988,https://www.grailed.com/sold/z8Mb6m45VA
989,https://www.grailed.com/sold/8-FaI4NBIQ
990,https://www.grailed.com/sold/0wcNJL8kfg
991,https://www.grailed.com/sold/6KmkKh5v5A
992,https://www.grailed.com/sold/DjCWz1Uesw
993,https://www.grailed.com/sold/BYMrPKES1A
994,https://www.grailed.com/sold/tEpu3w0pQw
995,https://www.grailed.com/sold/GKcAfSaHqw
996,https://www.grailed.com/sold/U2IDim7evg
997,https://www.grailed.com/sold/rSD4wJc-Sg
