,Link
0,https://www.grailed.com/sold/ybr9F98rAA
1,https://www.grailed.com/sold/K98whQiW3Q
2,https://www.grailed.com/sold/_kCZKYyzXg
3,https://www.grailed.com/sold/bnPIsNVjjw
4,https://www.grailed.com/sold/Y6gKeCw_Jg
5,https://www.grailed.com/sold/rnhDQPYEKg
6,https://www.grailed.com/sold/IQ2FF8Kzow
7,https://www.grailed.com/sold/xEqE3pG6Kg
8,https://www.grailed.com/sold/fuPBOYUjeg
9,https://www.grailed.com/sold/ZZRqpAiz7g
10,https://www.grailed.com/sold/qZXM-mSusw
11,https://www.grailed.com/sold/c1Muq18phg
12,https://www.grailed.com/sold/qUq2ncejLQ
13,https://www.grailed.com/sold/x__Du-L3UQ
14,https://www.grailed.com/sold/cY5ufn8P3A
15,https://www.grailed.com/sold/l2A732Ll6Q
16,https://www.grailed.com/sold/Dgtva3KjUQ
17,https://www.grailed.com/sold/-MOOendeng
18,https://www.grailed.com/sold/BVWcpXJh2A
19,https://www.grailed.com/sold/1-zFxbSjPA
20,https://www.grailed.com/sold/BTY_IDQPYw
21,https://www.grailed.com/sold/RMn8HGra0w
22,https://www.grailed.com/sold/Kq0X9moRUw
23,https://www.grailed.com/sold/wEwZyZePGQ
24,https://www.grailed.com/sold/W7LnIqUYIw
25,https://www.grailed.com/sold/Pq351IfmQw
26,https://www.grailed.com/sold/h9RJxAMLxA
27,https://www.grailed.com/sold/uQyAsjizUA
28,https://www.grailed.com/sold/xGUexC3jig
29,https://www.grailed.com/sold/xM4zsqd4uw
30,https://www.grailed.com/sold/z25JRURpig
31,https://www.grailed.com/sold/AENF5tutIA
32,https://www.grailed.com/sold/gfkw7dDlNQ
33,https://www.grailed.com/sold/1BtPoOIO6Q
34,https://www.grailed.com/sold/co6p0zTUGA
35,https://www.grailed.com/sold/UGupmJOnPw
36,https://www.grailed.com/sold/SYkB7uQlLA
37,https://www.grailed.com/sold/cN5x3pWUbA
38,https://www.grailed.com/sold/Rj_hBID83g
39,https://www.grailed.com/sold/31oi3J0MpQ
40,https://www.grailed.com/sold/257fRdzSog
41,https://www.grailed.com/sold/XWdB4V8U0w
42,https://www.grailed.com/sold/sb1kUPWZOg
43,https://www.grailed.com/sold/eSd6RqHbuQ
44,https://www.grailed.com/sold/xQPmMSz0VQ
45,https://www.grailed.com/sold/CaYZof2xmg
46,https://www.grailed.com/sold/Z2q6WV6H6Q
47,https://www.grailed.com/sold/fX_bA25eAQ
48,https://www.grailed.com/sold/okNuCFVTQg
49,https://www.grailed.com/sold/j46OWodFRQ
50,https://www.grailed.com/sold/3Gnjh1f4YQ
51,https://www.grailed.com/sold/x6yekI1LsA
52,https://www.grailed.com/sold/4NEmiWkO-w
53,https://www.grailed.com/sold/Fxcc9_7PCg
54,https://www.grailed.com/sold/6ojgCzbDbw
55,https://www.grailed.com/sold/pL1Ua8aVeA
56,https://www.grailed.com/sold/_RNU4r0T7w
57,https://www.grailed.com/sold/YEZzMAAIaA
58,https://www.grailed.com/sold/UQT0motblg
59,https://www.grailed.com/sold/T7z5Dx-5wg
60,https://www.grailed.com/sold/xoy_M8N5BA
61,https://www.grailed.com/sold/YQTDGS3n-Q
62,https://www.grailed.com/sold/bV5-zBG77Q
63,https://www.grailed.com/sold/sPzoStD9vQ
64,https://www.grailed.com/sold/zVWcDENc0g
65,https://www.grailed.com/sold/ticVcthxFg
66,https://www.grailed.com/sold/hJwlMywpNg
67,https://www.grailed.com/sold/nnMCV0_ihQ
68,https://www.grailed.com/sold/ZarhhV6_wQ
69,https://www.grailed.com/sold/nCQrbB3H5g
70,https://www.grailed.com/sold/ba80m8QbzA
71,https://www.grailed.com/sold/pUsqbjhMrg
72,https://www.grailed.com/sold/sf0-drl9WQ
73,https://www.grailed.com/sold/Ke1TEGvpOg
74,https://www.grailed.com/sold/mgDBTLEdbg
75,https://www.grailed.com/sold/xoAIU1tTqw
76,https://www.grailed.com/sold/f5yPqdm6pg
77,https://www.grailed.com/sold/suM0pb-aRg
78,https://www.grailed.com/sold/0rxX2yePOg
79,https://www.grailed.com/sold/5NjbEs8tDQ
80,https://www.grailed.com/sold/FzjVsO5p7w
81,https://www.grailed.com/sold/tOC5nebdMw
82,https://www.grailed.com/sold/LeCC12fixQ
83,https://www.grailed.com/sold
84,https://www.grailed.com/sold/DJ7ZK6s8Bw
85,https://www.grailed.com/sold/Wld69HOclg
86,https://www.grailed.com/sold/GYgpQ71PEA
87,https://www.grailed.com/sold/PF49Z5D2Yg
88,https://www.grailed.com/sold/o-2JJolHGQ
89,https://www.grailed.com/sold/R-ZBmFOsNw
90,https://www.grailed.com/sold/WNiuxfBWog
91,https://www.grailed.com/sold/N63ODXluHw
92,https://www.grailed.com/sold/X6NtXmSq2g
93,https://www.grailed.com/sold/85iHXtljBA
94,https://www.grailed.com/sold/oxJTzQKbkg
95,https://www.grailed.com/sold/nI4-jsACPA
96,https://www.grailed.com/sold/6hHB5KAN4Q
97,https://www.grailed.com/sold/23vrvT_GZQ
98,https://www.grailed.com/sold/_T0s2GTpBQ
99,https://www.grailed.com/sold/E7undesIgQ
100,https://www.grailed.com/sold/w31Ok9tZXA
101,https://www.grailed.com/sold/9SS_0TbKQw
102,https://www.grailed.com/sold/S32VL3o7IA
103,https://www.grailed.com/sold/sTkblJq0GQ
104,https://www.grailed.com/sold/6NBK_uNLLA
105,https://www.grailed.com/sold/QWs61KNx1A
106,https://www.grailed.com/sold/C221C0I_vw
107,https://www.grailed.com/sold/ow2kGf2pQQ
108,https://www.grailed.com/sold/RFx0qiJAmQ
109,https://www.grailed.com/sold/taE5XnPtww
110,https://www.grailed.com/sold/5PLedPs-lw
111,https://www.grailed.com/sold/jLDuuQHb3g
112,https://www.grailed.com/sold/O4fsK5Ehew
113,https://www.grailed.com/sold/qrG8COSSNA
114,https://www.grailed.com/sold/B6fDhZGBIQ
115,https://www.grailed.com/sold/zjiBuxH5Sg
116,https://www.grailed.com/sold/8DPlWG72iQ
117,https://www.grailed.com/sold/1z7jQDqWtg
118,https://www.grailed.com/sold/9LzMY5ZjSg
119,https://www.grailed.com/sold/DMlXr02_BA
120,https://www.grailed.com/sold/zlXc4AeKMw
121,https://www.grailed.com/sold/H_T-Ko9x8g
122,https://www.grailed.com/sold/1wBpIMwZmA
123,https://www.grailed.com/sold/Pt-1O1yYNA
124,https://www.grailed.com/sold/MYJr9y7Bqw
125,https://www.grailed.com/sold/TuuV7ncHrw
126,https://www.grailed.com/sold/IFQOkb0ifA
127,https://www.grailed.com/sold/vDk_rOWgDA
128,https://www.grailed.com/sold/qoSANn_QIw
129,https://www.grailed.com/sold/9hu98qGPzw
130,https://www.grailed.com/sold/2EYrQN7i2Q
131,https://www.grailed.com/sold/W9Ejye5t-w
132,https://www.grailed.com/sold/2McH7Tv9tg
133,https://www.grailed.com/sold/f_sOTC_yzw
134,https://www.grailed.com/sold/RqqTLLxdkw
135,https://www.grailed.com/sold/79eTTomV7w
136,https://www.grailed.com/sold/ue21HYxJ3w
137,https://www.grailed.com/sold/vZRj4grAMw
138,https://www.grailed.com/sold/Yt71sJrSDQ
139,https://www.grailed.com/sold/TczfSWcHsw
140,https://www.grailed.com/sold/kAiGRtgf5A
141,https://www.grailed.com/sold/8UP21QCY5g
142,https://www.grailed.com/sold/JQOYl__Pdg
143,https://www.grailed.com/sold/69tLeGZGrw
144,https://www.grailed.com/sold/M9SULQKPJQ
145,https://www.grailed.com/sold/lGDvUu2zCA
146,https://www.grailed.com/sold/9RS97EkHsQ
147,https://www.grailed.com/sold/ixVFCzsWAw
148,https://www.grailed.com/sold/Wl3OZ_9kNg
149,https://www.grailed.com/sold/LPHQ5btsFw
150,https://www.grailed.com/sold/FeazO9hIqQ
151,https://www.grailed.com/sold/Ddrj78rlUg
152,https://www.grailed.com/sold/gldc41WS2Q
153,https://www.grailed.com/sold/Hhg2A6-sdw
154,https://www.grailed.com/sold/zRwqOT-BBQ
155,https://www.grailed.com/sold/cWt3xrg2GQ
156,https://www.grailed.com/sold/5_eqLsysuA
157,https://www.grailed.com/sold/SbaqrnRjRg
158,https://www.grailed.com/sold/A4Nxx5Jj9g
159,https://www.grailed.com/sold/JaNatpIMXw
160,https://www.grailed.com/sold/mAnJ3wcnrQ
161,https://www.grailed.com/sold/UCFYgnosOw
162,https://www.grailed.com/sold/lA10z6UDvg
163,https://www.grailed.com/sold/9UXypcSWqA
164,https://www.grailed.com/sold/EUvuGmTDVA
165,https://www.grailed.com/sold/yUORMY3Siw
166,https://www.grailed.com/sold/riJVZcKDig
167,https://www.grailed.com/sold/eaLS_VolzA
168,https://www.grailed.com/sold/cpwdfzJhMg
169,https://www.grailed.com/sold/GKRFBNTKSg
170,https://www.grailed.com/sold/uYACcNbr7w
171,https://www.grailed.com/sold/4_6899-7Ew
172,https://www.grailed.com/sold/t9vb-7MW4g
173,https://www.grailed.com/sold/_jXZkCl58A
174,https://www.grailed.com/sold/yRQhNVNE7Q
175,https://www.grailed.com/sold/cru41nRHuA
176,https://www.grailed.com/sold/TruS3Wpn9w
177,https://www.grailed.com/sold/x0KFhTP8fQ
178,https://www.grailed.com/sold/iC-fSgYrAg
179,https://www.grailed.com/sold/9Mxiz4vqIg
180,https://www.grailed.com/sold/rkRPP5Tu0g
181,https://www.grailed.com/sold/tlVb2thwIg
182,https://www.grailed.com/sold/-m6mSrVwKg
183,https://www.grailed.com/sold/Y32X4aRDnQ
184,https://www.grailed.com/sold/-l0SVJDggg
185,https://www.grailed.com/sold/VgblRP3D_w
186,https://www.grailed.com/sold/mzaRzSHyBw
187,https://www.grailed.com/sold/RtcTSg_Ajw
188,https://www.grailed.com/sold/pfCnkjjPFQ
189,https://www.grailed.com/sold/d4V-QdeRkg
190,https://www.grailed.com/sold/Ooq80GmdEg
191,https://www.grailed.com/sold/nAwirRlUBw
192,https://www.grailed.com/sold/TFaDnbhyqA
193,https://www.grailed.com/sold/Ja0z-Uf-Bg
194,https://www.grailed.com/sold/YKX2IOEW4w
195,https://www.grailed.com/sold/OEXM4aQ72Q
196,https://www.grailed.com/sold/Ht0tmtCw3g
197,https://www.grailed.com/sold/XQVpe9qzhg
198,https://www.grailed.com/sold/s9JKpi87lA
199,https://www.grailed.com/sold/THnAyNjDwA
200,https://www.grailed.com/sold/xgTDCCPdnA
201,https://www.grailed.com/sold/4ZmdnBDN4g
202,https://www.grailed.com/sold/bd6tb4RTEg
203,https://www.grailed.com/sold/kwBA-4RJ5Q
204,https://www.grailed.com/sold/FxFxh6QYbA
205,https://www.grailed.com/sold/d0YuDxPcsQ
206,https://www.grailed.com/sold/6LVGKSaZCA
207,https://www.grailed.com/sold/gryBvXg03g
208,https://www.grailed.com/sold/5GokeCkptA
209,https://www.grailed.com/sold/S7uIvBXA4Q
210,https://www.grailed.com/sold/zAH4ApWMtA
211,https://www.grailed.com/sold/FtRtiAwfyQ
212,https://www.grailed.com/sold/618pH611Eg
213,https://www.grailed.com/sold/SFaKNR6Jzw
214,https://www.grailed.com/sold/10YPmmAM_g
215,https://www.grailed.com/sold/qSp_IiFLrA
216,https://www.grailed.com/sold/RCpp5uEoyQ
217,https://www.grailed.com/sold/tIpqkkTPrw
218,https://www.grailed.com/sold/jJWPoLCfKA
219,https://www.grailed.com/sold/XdOCCDU2Sw
220,https://www.grailed.com/sold/X5zAEWf7Bw
221,https://www.grailed.com/sold/8LkIETrUtQ
222,https://www.grailed.com/sold/JG3JCZIRBw
223,https://www.grailed.com/sold/V3i6zNZVng
224,https://www.grailed.com/sold/6Y4c4NdeGw
225,https://www.grailed.com/sold/ATlgQ2gbCQ
226,https://www.grailed.com/sold/A4-uXQZ-Yg
227,https://www.grailed.com/sold/YVie0ltkKQ
228,https://www.grailed.com/sold/qizSz4zEMA
229,https://www.grailed.com/sold/lD5fjzwVhQ
230,https://www.grailed.com/sold/gbOspVbZNQ
231,https://www.grailed.com/sold/yR4IgduMIg
232,https://www.grailed.com/sold/zvSlY9u_7g
233,https://www.grailed.com/sold/WS9MK64-pg
234,https://www.grailed.com/sold/r8vUmw4w3w
235,https://www.grailed.com/sold/71dSPhmcag
236,https://www.grailed.com/sold/_j9-5LsEXA
237,https://www.grailed.com/sold/kbrsPzOR1A
238,https://www.grailed.com/sold/J0OWRnW3Vg
239,https://www.grailed.com/sold/zyiF2lxXaw
240,https://www.grailed.com/sold/KFbdxCKrRA
241,https://www.grailed.com/sold/Tl1fl-wo2Q
242,https://www.grailed.com/sold/ZoYGy4QY7Q
243,https://www.grailed.com/sold/cDi3TheC5w
244,https://www.grailed.com/sold/d5N_ahqe5w
245,https://www.grailed.com/sold/YAAlaC9bCw
246,https://www.grailed.com/sold/DW-goCIFag
247,https://www.grailed.com/sold/nrsBwtuSjA
248,https://www.grailed.com/sold/VOShkOZ9Ig
249,https://www.grailed.com/sold/JxGmUbVIvw
250,https://www.grailed.com/sold/To2sUtt_SA
251,https://www.grailed.com/sold/349enkNm8A
252,https://www.grailed.com/sold/WP80q917_g
253,https://www.grailed.com/sold/hdeTgHYo2A
254,https://www.grailed.com/sold/9NyedIPhzA
255,https://www.grailed.com/sold/QPTKdup3Ng
256,https://www.grailed.com/sold/wwE-z8dqtA
257,https://www.grailed.com/sold/yfj6M2Xo4w
258,https://www.grailed.com/sold/B2I1kOXgqA
259,https://www.grailed.com/sold/P_meqWSKzQ
260,https://www.grailed.com/sold/LRNIVmC6Ag
261,https://www.grailed.com/sold/nmKtxy-5Uw
262,https://www.grailed.com/sold/53s3z8QEQA
263,https://www.grailed.com/sold/YJPEdBsyww
264,https://www.grailed.com/sold
265,https://www.grailed.com/sold/S5YbMKjp4g
266,https://www.grailed.com/sold/5onv3lMJZA
267,https://www.grailed.com/sold/EYfyjRSUCA
268,https://www.grailed.com/sold/qL3y78xZIw
269,https://www.grailed.com/sold/iCo8HOv5LQ
270,https://www.grailed.com/sold/vm9vb8YsHA
271,https://www.grailed.com/sold/tjA4ZqWKpg
272,https://www.grailed.com/sold/6EFamErxEg
273,https://www.grailed.com/sold/6QAD2V0wTw
274,https://www.grailed.com/sold/LMeE3R9P1Q
275,https://www.grailed.com/sold/kuWZMOJTeg
276,https://www.grailed.com/sold/XMopfiFTsg
277,https://www.grailed.com/sold/6_u4LbSBXQ
278,https://www.grailed.com/sold/jV4WM4jqbg
279,https://www.grailed.com/sold/jwbSSdKSyw
280,https://www.grailed.com/sold/q-iEnHmBkg
281,https://www.grailed.com/sold/5kBNkLkTPw
282,https://www.grailed.com/sold/66FDe9XqZg
283,https://www.grailed.com/sold/Dabv-6LzLw
284,https://www.grailed.com/sold/f7TazYwalA
285,https://www.grailed.com/sold/iSKGtYmE4w
286,https://www.grailed.com/sold/jOgpMHuzPA
287,https://www.grailed.com/sold/ZxatS6DY6w
288,https://www.grailed.com/sold/1ibGNhoRsw
289,https://www.grailed.com/sold/Vq-xtpQh2Q
290,https://www.grailed.com/sold/wfQxrZ1Ktg
291,https://www.grailed.com/sold/iWUHBCDPFw
292,https://www.grailed.com/sold/F2U_HVKVTg
293,https://www.grailed.com/sold/4Tbtv27poA
294,https://www.grailed.com/sold/oWtn7ggqFw
295,https://www.grailed.com/sold/8h-wRAo-ag
296,https://www.grailed.com/sold/lS0kRedajw
297,https://www.grailed.com/sold/wcfCdDsf5w
298,https://www.grailed.com/sold/0yzn-4j2iA
299,https://www.grailed.com/sold/P4rj5BwP2A
300,https://www.grailed.com/sold/trtGxENT3A
301,https://www.grailed.com/sold/zCcGjjqbpQ
302,https://www.grailed.com/sold/xNOGQS_0CA
303,https://www.grailed.com/sold/qjztLZG_GA
304,https://www.grailed.com/sold/OJrVArvqow
305,https://www.grailed.com/sold/slO_GizU-Q
306,https://www.grailed.com/sold/K7e5uIXgvg
307,https://www.grailed.com/sold/_mLD5vtJcA
308,https://www.grailed.com/sold/kVVNHmm3Yg
309,https://www.grailed.com/sold/mGbenjkHhg
310,https://www.grailed.com/sold/RwjPiVpuzA
311,https://www.grailed.com/sold/K8wvmnmS7A
312,https://www.grailed.com/sold/3eP1gTDYjw
313,https://www.grailed.com/sold/bMLDyfTztw
314,https://www.grailed.com/sold/_MfWfDNGPg
315,https://www.grailed.com/sold/me2At1iqDA
316,https://www.grailed.com/sold/oooajyse4A
317,https://www.grailed.com/sold/Q6DlgiEi1Q
318,https://www.grailed.com/sold/uKVlAihGyw
319,https://www.grailed.com/sold/jB-AsVQT_g
320,https://www.grailed.com/sold/CEKuINMiFA
321,https://www.grailed.com/sold/ykk1lnGhuA
322,https://www.grailed.com/sold/NB4JB9zIog
323,https://www.grailed.com/sold/2NTsV5YkEA
324,https://www.grailed.com/sold/LPVW708hTw
325,https://www.grailed.com/sold/aEv4jdrxAQ
326,https://www.grailed.com/sold/8WjX55WWmw
327,https://www.grailed.com/sold/LKlnyB3sHw
328,https://www.grailed.com/sold/mUDcxoxTkA
329,https://www.grailed.com/sold/XFhCfYrVBw
330,https://www.grailed.com/sold/sQbIa_5SIw
331,https://www.grailed.com/sold/tskzhj0OXQ
332,https://www.grailed.com/sold/zGQ7c0Be_A
333,https://www.grailed.com/sold/PoWNmKv_cw
334,https://www.grailed.com/sold/U4HnGWcj2g
335,https://www.grailed.com/sold/UyTct97ORQ
336,https://www.grailed.com/sold/QAj4JR1vKA
337,https://www.grailed.com/sold/s5KwJTfwLw
338,https://www.grailed.com/sold/FbU7WZ9o_A
339,https://www.grailed.com/sold/8S8wsTIV_w
340,https://www.grailed.com/sold/YW8_obH8WQ
341,https://www.grailed.com/sold/c2GBltMVsQ
342,https://www.grailed.com/sold/NCnDl1IDFg
343,https://www.grailed.com/sold
344,https://www.grailed.com/sold/aV_7c3Y7GQ
345,https://www.grailed.com/sold/8ZZjujgNuA
346,https://www.grailed.com/sold/8CQs7clRHw
347,https://www.grailed.com/sold/7H2a8kVZKg
348,https://www.grailed.com/sold/Ce0HhugeqQ
349,https://www.grailed.com/sold
350,https://www.grailed.com/sold/aqybuGqCOw
351,https://www.grailed.com/sold/BJRDvzCAwg
352,https://www.grailed.com/sold/_-SaTCKhIA
353,https://www.grailed.com/sold
354,https://www.grailed.com/sold/bBhRnncPvA
355,https://www.grailed.com/sold/jEo2FaoXmA
356,https://www.grailed.com/sold/JDrDBVVcaQ
357,https://www.grailed.com/sold/KxS0jVd-zA
358,https://www.grailed.com/sold/niaSNAPnhQ
359,https://www.grailed.com/sold/lRrV6v3E6w
360,https://www.grailed.com/sold/PHmsVh-MBA
361,https://www.grailed.com/sold/C9mwmLj0_g
362,https://www.grailed.com/sold/Hnf_obeRGw
363,https://www.grailed.com/sold/bzmsKFyvTA
364,https://www.grailed.com/sold/7J4tf-gvkA
365,https://www.grailed.com/sold/RKbRaO6tlg
366,https://www.grailed.com/sold/NlfB2WwI2g
367,https://www.grailed.com/sold/pYWBJEG5nw
368,https://www.grailed.com/sold/p3Sywj6Dbg
369,https://www.grailed.com/sold/t25ZcgmHKA
370,https://www.grailed.com/sold/OBqmbRLpaQ
371,https://www.grailed.com/sold/DEXGtNStQQ
372,https://www.grailed.com/sold/AN9ouInnJQ
373,https://www.grailed.com/sold/Ueoihei6-A
374,https://www.grailed.com/sold/I7gFrCO0ZQ
375,https://www.grailed.com/sold/nZ4XOXDfBA
376,https://www.grailed.com/sold/yYoFyPNl9Q
377,https://www.grailed.com/sold/oFHQh-gd_g
378,https://www.grailed.com/sold/slbzL7D0mA
379,https://www.grailed.com/sold/Ksmj6_EHvg
380,https://www.grailed.com/sold/EWHAMAsxFQ
381,https://www.grailed.com/sold/3cWX2Juhug
382,https://www.grailed.com/sold/n6lF8qVeqw
383,https://www.grailed.com/sold/RzsZHpRD8w
384,https://www.grailed.com/sold
385,https://www.grailed.com/sold/yUToqySNmQ
386,https://www.grailed.com/sold/jWMeH14QNA
387,https://www.grailed.com/sold/Qb6n57HaIw
388,https://www.grailed.com/sold/E87qALmGrg
389,https://www.grailed.com/sold/Didzij9JzQ
390,https://www.grailed.com/sold/x5ncYei54w
391,https://www.grailed.com/sold/U---oXk2yQ
392,https://www.grailed.com/sold/9xlMCOXONw
393,https://www.grailed.com/sold/ZtoorUeMDg
394,https://www.grailed.com/sold/cyu84Gm-4A
395,https://www.grailed.com/sold/X_yLYPFChA
396,https://www.grailed.com/sold/MwEgN1iuvg
397,https://www.grailed.com/sold/8IyImEwVDA
398,https://www.grailed.com/sold/9WSkcYREQg
399,https://www.grailed.com/sold/jKL67Il-RA
400,https://www.grailed.com/sold/fN1LoJfdAQ
401,https://www.grailed.com/sold/rOY92ocDtA
402,https://www.grailed.com/sold
403,https://www.grailed.com/sold/unUBNhex6A
404,https://www.grailed.com/sold/Y5XYF8-kDA
405,https://www.grailed.com/sold/3gqSzdSG7Q
406,https://www.grailed.com/sold/QOQvn4qkFQ
407,https://www.grailed.com/sold/wwzkLFOBoA
408,https://www.grailed.com/sold/XuKbXPi5pQ
409,https://www.grailed.com/sold/nsHwaG8iqg
410,https://www.grailed.com/sold/Vch9JlBdvQ
411,https://www.grailed.com/sold/ek1_Fbq5hQ
412,https://www.grailed.com/sold/tiza0X_Tbg
413,https://www.grailed.com/sold/HagNHpAJ6Q
414,https://www.grailed.com/sold/da-wNQHYpg
415,https://www.grailed.com/sold/qHIWwM6GfQ
416,https://www.grailed.com/sold/OExqQWHGyg
417,https://www.grailed.com/sold/JCwAhdEG7w
418,https://www.grailed.com/sold/4Oz_-88CuA
419,https://www.grailed.com/sold/8zsmm7oz_w
420,https://www.grailed.com/sold/hVM5lEjluA
421,https://www.grailed.com/sold/8ouOk4paMw
422,https://www.grailed.com/sold/RfeR6XpYAA
423,https://www.grailed.com/sold/NBX4JyUwrg
424,https://www.grailed.com/sold/mGTKjUJhXA
425,https://www.grailed.com/sold/UiaAPSGKVQ
426,https://www.grailed.com/sold/8r2BsUfXkQ
427,https://www.grailed.com/sold/7eEFnwPx1g
428,https://www.grailed.com/sold/-L2snvFWnw
429,https://www.grailed.com/sold/MHv6xz0GWw
430,https://www.grailed.com/sold/EgcOGDOjIg
431,https://www.grailed.com/sold/Te9v9CnRlw
432,https://www.grailed.com/sold/8PY5tfahSw
433,https://www.grailed.com/sold/jbi8DCNu0g
434,https://www.grailed.com/sold/2GkL3UtbGA
435,https://www.grailed.com/sold/7xj7nbmXRA
436,https://www.grailed.com/sold/bSPssEd3kw
437,https://www.grailed.com/sold/twyUNReizw
438,https://www.grailed.com/sold/SuoGlKrE8Q
439,https://www.grailed.com/sold/CZjtTAHF1w
440,https://www.grailed.com/sold/_j1EpifNXA
441,https://www.grailed.com/sold/5aAOqLK6bQ
442,https://www.grailed.com/sold/DzUcqlwyXg
443,https://www.grailed.com/sold/6j7XKRqAdQ
444,https://www.grailed.com/sold/2qgVLV3Ksg
445,https://www.grailed.com/sold/2_Ke2vlUMQ
446,https://www.grailed.com/sold/-Rq_OQFXHQ
447,https://www.grailed.com/sold/9TDmIkHEKg
448,https://www.grailed.com/sold/AJUu4f_sng
449,https://www.grailed.com/sold/GF2K0QO9UQ
450,https://www.grailed.com/sold/QukUuPpg3A
451,https://www.grailed.com/sold/wD0wcy49wQ
452,https://www.grailed.com/sold/9dfxM1GMAQ
453,https://www.grailed.com/sold/ysSE7EVgug
454,https://www.grailed.com/sold/dhFr_dduQw
455,https://www.grailed.com/sold/lB94CGuwwQ
456,https://www.grailed.com/sold/ebsgWBZ2lg
457,https://www.grailed.com/sold/g9eZc1oDJg
458,https://www.grailed.com/sold/OK6jHinOpg
459,https://www.grailed.com/sold/oGPRklHwdQ
460,https://www.grailed.com/sold/ESOj7_EeqA
461,https://www.grailed.com/sold/yna3AtVK5Q
462,https://www.grailed.com/sold/L64UIIV6jA
463,https://www.grailed.com/sold/rGIoAr9d2w
464,https://www.grailed.com/sold/yQCM9oXiPA
465,https://www.grailed.com/sold/b1VV22SrTw
466,https://www.grailed.com/sold/a7T76MLpGA
467,https://www.grailed.com/sold/HsY4EfvmLA
468,https://www.grailed.com/sold/BIp7LMkXug
469,https://www.grailed.com/sold/3nJD8U3UuA
470,https://www.grailed.com/sold/mstTyNGCcA
471,https://www.grailed.com/sold
472,https://www.grailed.com/sold/KwOD1274OA
473,https://www.grailed.com/sold/_bQ2EIzc3g
474,https://www.grailed.com/sold/lsnV0v2nLQ
475,https://www.grailed.com/sold/1qUfDG9wSw
476,https://www.grailed.com/sold/bRzHtNaRLA
477,https://www.grailed.com/sold/FTUopzLh_Q
478,https://www.grailed.com/sold/1_zhjuUBrQ
479,https://www.grailed.com/sold/cmn83m3g5g
480,https://www.grailed.com/sold/ptHyha9DPg
481,https://www.grailed.com/sold/GhiTtV684Q
482,https://www.grailed.com/sold/qo7QtpYTYQ
483,https://www.grailed.com/sold/0TGqrEvh0g
484,https://www.grailed.com/sold/KrI-S8Z8dg
485,https://www.grailed.com/sold/oTTiSIqPng
486,https://www.grailed.com/sold
487,https://www.grailed.com/sold/FMUDEM11jQ
488,https://www.grailed.com/sold/sXHSgbhc5Q
489,https://www.grailed.com/sold/7m8RTtYtMQ
490,https://www.grailed.com/sold/XbX7ZwIQwA
491,https://www.grailed.com/sold/PpyUDUV_aw
492,https://www.grailed.com/sold/avJX42ydmA
493,https://www.grailed.com/sold/Hp0yHoiYhA
494,https://www.grailed.com/sold/eSEKIPBQxQ
495,https://www.grailed.com/sold/5q6BqfSxBw
496,https://www.grailed.com/sold/NadCW6uYjQ
497,https://www.grailed.com/sold/UF3MHPSKKA
498,https://www.grailed.com/sold/6rzLEI2edw
499,https://www.grailed.com/sold/c-XDi6es_w
500,https://www.grailed.com/sold
501,https://www.grailed.com/sold/VmeENqp5QA
502,https://www.grailed.com/sold/bLKeIyqmmg
503,https://www.grailed.com/sold/WdRviJGMMQ
504,https://www.grailed.com/sold/kJ1t40GeOw
505,https://www.grailed.com/sold/tMggMAfSQQ
506,https://www.grailed.com/sold/ZV3gFpck2g
507,https://www.grailed.com/sold/RJ0g890dzQ
508,https://www.grailed.com/sold/v2-ux0fq8Q
509,https://www.grailed.com/sold/0Vg68BYhwQ
510,https://www.grailed.com/sold/c6Yezh3GzA
511,https://www.grailed.com/sold/1fInJjxc5w
512,https://www.grailed.com/sold/HxqLVxQo5A
513,https://www.grailed.com/sold/nZLBO_Pjew
514,https://www.grailed.com/sold/wkVqrq05ZQ
515,https://www.grailed.com/sold/oicZ8FdRbQ
516,https://www.grailed.com/sold/383nLEjU_g
517,https://www.grailed.com/sold/i7TxZ5xNvQ
518,https://www.grailed.com/sold/bLf5qZXVOw
519,https://www.grailed.com/sold/TSVSeDo2ag
520,https://www.grailed.com/sold/cFfv5eZA3w
521,https://www.grailed.com/sold/l2WtXOpzDA
522,https://www.grailed.com/sold/86dbdE0rfA
523,https://www.grailed.com/sold/zDNxdzfhGQ
524,https://www.grailed.com/sold/Nf54tOY8AQ
525,https://www.grailed.com/sold/TU0efWtNug
526,https://www.grailed.com/sold/VhutcHx0uw
527,https://www.grailed.com/sold/gVeZUiHMsw
528,https://www.grailed.com/sold/DpEtybtkeg
529,https://www.grailed.com/sold/3xdr3mNSnQ
530,https://www.grailed.com/sold/LPrTmN_kBg
531,https://www.grailed.com/sold/JYPL87l4aQ
532,https://www.grailed.com/sold/BVYvIyyFmg
533,https://www.grailed.com/sold/xSMWj4XfZQ
534,https://www.grailed.com/sold/wlghhsp7QA
535,https://www.grailed.com/sold/IdNqKy9yhQ
536,https://www.grailed.com/sold/6c4HvRZISA
537,https://www.grailed.com/sold/tjtQzkM3PQ
538,https://www.grailed.com/sold/sN0Ku23RSQ
539,https://www.grailed.com/sold/3MVQ-Ge_aQ
540,https://www.grailed.com/sold/0Ad2uGKOTQ
541,https://www.grailed.com/sold/W_zKgfZXDw
542,https://www.grailed.com/sold/RGkkSBLs0Q
543,https://www.grailed.com/sold/RBOZ1Ix2Eg
544,https://www.grailed.com/sold/mgDFx-XAyg
545,https://www.grailed.com/sold/X_jb-hAuXg
546,https://www.grailed.com/sold/KrAzESKssw
547,https://www.grailed.com/sold/NTvBGUcshw
548,https://www.grailed.com/sold/QcwFHlLi3g
549,https://www.grailed.com/sold/kqcHv97TeA
550,https://www.grailed.com/sold/MiCrEWGj1A
551,https://www.grailed.com/sold/ypuyrRKmpA
552,https://www.grailed.com/sold/hiA1dpUvnw
553,https://www.grailed.com/sold/5jp66KIR_g
554,https://www.grailed.com/sold/Ett3LKj3bA
555,https://www.grailed.com/sold/1p6gb_B-rg
556,https://www.grailed.com/sold/3z55FWSWaw
557,https://www.grailed.com/sold/XuV-lOvS5A
558,https://www.grailed.com/sold/0fGYyXMrCg
559,https://www.grailed.com/sold/9e_t9w6F3A
560,https://www.grailed.com/sold/6LgF21yW9A
561,https://www.grailed.com/sold/WNn_vEfSoQ
562,https://www.grailed.com/sold
563,https://www.grailed.com/sold/xshtexH6wA
564,https://www.grailed.com/sold/IkyemcVvQw
565,https://www.grailed.com/sold/L8jInkAYEA
566,https://www.grailed.com/sold/kZdF3Lrsvw
567,https://www.grailed.com/sold/w2LoQx53FA
568,https://www.grailed.com/sold/0JXEzfP3vg
569,https://www.grailed.com/sold/FRtf0Wz8iw
570,https://www.grailed.com/sold/9tdfUt0-AA
571,https://www.grailed.com/sold/APbsEqgLBw
572,https://www.grailed.com/sold
573,https://www.grailed.com/sold/93UQvj0LGA
574,https://www.grailed.com/sold/o9qT_02YqQ
575,https://www.grailed.com/sold/5Zk-WFIaeA
576,https://www.grailed.com/sold/IdIwakYEYQ
577,https://www.grailed.com/sold/GzN7PUFSCA
578,https://www.grailed.com/sold/eOGGv2nytg
579,https://www.grailed.com/sold/tFSQrLb8xg
580,https://www.grailed.com/sold
581,https://www.grailed.com/sold/9ezkhMuANg
582,https://www.grailed.com/sold/5uu-atzQKA
583,https://www.grailed.com/sold/QYSWirVM8g
584,https://www.grailed.com/sold/5jMbD5UMyw
585,https://www.grailed.com/sold/_nzH2Dmcrg
586,https://www.grailed.com/sold/8UAXRfk8GA
587,https://www.grailed.com/sold/PBfL4Yn5Sg
588,https://www.grailed.com/sold/sjCZyEpbPg
589,https://www.grailed.com/sold/5AkT2shIbA
590,https://www.grailed.com/sold/n3sW3cbNMA
591,https://www.grailed.com/sold/5OZ0QMk2_g
592,https://www.grailed.com/sold/KQl-lLBX3Q
593,https://www.grailed.com/sold/Lm5Xx_ypEg
594,https://www.grailed.com/sold/5RwncwZtkg
595,https://www.grailed.com/sold/l4sURfrUVg
596,https://www.grailed.com/sold/7eIHhhYKsQ
597,https://www.grailed.com/sold/MM-pwRQGxg
598,https://www.grailed.com/sold/_IFIiwRe8g
599,https://www.grailed.com/sold/9rY-uarBQg
600,https://www.grailed.com/sold/eIIRCIGzuw
601,https://www.grailed.com/sold/fXrBH-J8Qw
602,https://www.grailed.com/sold/D7Zh1NmbZA
603,https://www.grailed.com/sold/SvxmKv8KFw
604,https://www.grailed.com/sold/2Hd5Vt9AVg
605,https://www.grailed.com/sold/VqDbQUX3TA
606,https://www.grailed.com/sold/EzvrApg9jg
607,https://www.grailed.com/sold/pTAFNHfGjA
608,https://www.grailed.com/sold/7QkpERHC_g
609,https://www.grailed.com/sold/AYUNAmZnJw
610,https://www.grailed.com/sold/uSxjNcjftw
611,https://www.grailed.com/sold/IQtAe2iHjg
612,https://www.grailed.com/sold/bBDmuBDr0g
613,https://www.grailed.com/sold/5j73rlHNaw
614,https://www.grailed.com/sold/J3EZ3Z6lfQ
615,https://www.grailed.com/sold/0Wczv2hCBg
616,https://www.grailed.com/sold/fD7fEVEeYw
617,https://www.grailed.com/sold/qaVnLR3V4w
618,https://www.grailed.com/sold/m9npVwnHiQ
619,https://www.grailed.com/sold/7azVSO_Zwg
620,https://www.grailed.com/sold/KcALwu-2sA
621,https://www.grailed.com/sold/lm70_jer1A
622,https://www.grailed.com/sold/a5r1NxZy5A
623,https://www.grailed.com/sold/Vaye2diaJQ
624,https://www.grailed.com/sold/E0otqmTsnA
625,https://www.grailed.com/sold/UTzZIO-KoA
626,https://www.grailed.com/sold/hPviHTFrhQ
627,https://www.grailed.com/sold/QB8epVrmWw
628,https://www.grailed.com/sold/WWfgb8D2sg
629,https://www.grailed.com/sold/rxd-nnwS5g
630,https://www.grailed.com/sold/eYWZ4yUqhw
631,https://www.grailed.com/sold
632,https://www.grailed.com/sold/zO6QV-9anQ
633,https://www.grailed.com/sold
634,https://www.grailed.com/sold/wuyZjS15qg
635,https://www.grailed.com/sold/iZOSd17anw
636,https://www.grailed.com/sold/7uz4ccfLUQ
637,https://www.grailed.com/sold
638,https://www.grailed.com/sold/cJ7FXElABA
639,https://www.grailed.com/sold/O5cMDeMkeA
640,https://www.grailed.com/sold/zay-SBlMFQ
641,https://www.grailed.com/sold/0VJuYQchYg
642,https://www.grailed.com/sold/w_andZwMqQ
643,https://www.grailed.com/sold/7oxIoVjZ3A
644,https://www.grailed.com/sold/V6Bu_6zgrw
645,https://www.grailed.com/sold/topbmvnl3g
646,https://www.grailed.com/sold/lkqMCnvRgw
647,https://www.grailed.com/sold/Lf7w2mi4Dw
648,https://www.grailed.com/sold/bPmbl6OfxQ
649,https://www.grailed.com/sold/0J70Z0WCpg
650,https://www.grailed.com/sold
651,https://www.grailed.com/sold/BgvuCI1_6w
652,https://www.grailed.com/sold/8R2WygfbRw
653,https://www.grailed.com/sold/ZzB9I_bVEA
654,https://www.grailed.com/sold/UsIA1ftNzw
655,https://www.grailed.com/sold/AyjTemBlbA
656,https://www.grailed.com/sold/oKSuFu6-AQ
657,https://www.grailed.com/sold
658,https://www.grailed.com/sold/s1KTPJqh4w
659,https://www.grailed.com/sold/FIYUrwbBNw
660,https://www.grailed.com/sold/yaGLSAGbiQ
661,https://www.grailed.com/sold/_OO1BXhFjA
662,https://www.grailed.com/sold/cLDVGAA4nQ
663,https://www.grailed.com/sold/f1o6n6utOw
664,https://www.grailed.com/sold/-DOUAx0pGw
665,https://www.grailed.com/sold/Z0BnAAqHrg
666,https://www.grailed.com/sold/0upbLnWJHA
667,https://www.grailed.com/sold/_NFmCuO4Ag
668,https://www.grailed.com/sold/f9DKTH7ENg
669,https://www.grailed.com/sold/OgDp-K463w
670,https://www.grailed.com/sold/H44EIMTz9w
671,https://www.grailed.com/sold/BYv9sQ8VlA
672,https://www.grailed.com/sold/iragphWbvA
673,https://www.grailed.com/sold/MbzgXLpV9w
674,https://www.grailed.com/sold/bdwbJC94tA
675,https://www.grailed.com/sold/alp7kgaGUQ
676,https://www.grailed.com/sold/4GzwX41Nzg
677,https://www.grailed.com/sold/JSJltDngkg
678,https://www.grailed.com/sold/zbb3GsIx7A
679,https://www.grailed.com/sold/TWSd7zHRUA
680,https://www.grailed.com/sold
681,https://www.grailed.com/sold/Zz9tcq8jvw
682,https://www.grailed.com/sold/VbQhn3JGkA
683,https://www.grailed.com/sold/w3qWIyuBnw
684,https://www.grailed.com/sold/XoNgPM-l0w
685,https://www.grailed.com/sold/v-POHH57TQ
686,https://www.grailed.com/sold/yd2I8HMKDw
687,https://www.grailed.com/sold/k5KRlYaYgA
688,https://www.grailed.com/sold/60cd0sj2Og
689,https://www.grailed.com/sold/sECxkg5Kog
690,https://www.grailed.com/sold/-LS_B-IPwA
691,https://www.grailed.com/sold/53UxZo0Q2w
692,https://www.grailed.com/sold/EKw90RhzIA
693,https://www.grailed.com/sold/sGVznsyVOg
694,https://www.grailed.com/sold/0l3iml5hvg
695,https://www.grailed.com/sold/_XCx91CF0g
696,https://www.grailed.com/sold/FZsEYMl14Q
697,https://www.grailed.com/sold/v0mSynQy1g
698,https://www.grailed.com/sold/ABLITA7spw
699,https://www.grailed.com/sold/-WwQKgdRcA
700,https://www.grailed.com/sold/Soybpa-8pQ
701,https://www.grailed.com/sold/XU9NiCD-SA
702,https://www.grailed.com/sold/ILYuni6xGQ
703,https://www.grailed.com/sold/DT9d8FHuGQ
704,https://www.grailed.com/sold/aX0ZGfSnkQ
705,https://www.grailed.com/sold
706,https://www.grailed.com/sold/ddsnioEChw
707,https://www.grailed.com/sold/Nck_YMA-KQ
708,https://www.grailed.com/sold/oNVWZBRJaQ
709,https://www.grailed.com/sold/0Gs0M27MmA
710,https://www.grailed.com/sold/MYHmnJ0hIQ
711,https://www.grailed.com/sold/F28uarhcmQ
712,https://www.grailed.com/sold/SBBath-FIw
713,https://www.grailed.com/sold/578SAfSk5w
714,https://www.grailed.com/sold/w501fLl4ng
715,https://www.grailed.com/sold/_LoNgU3b5A
716,https://www.grailed.com/sold/wJsOhRRnEw
717,https://www.grailed.com/sold/jW1RZ-mDnw
718,https://www.grailed.com/sold/AQb61XbqGA
719,https://www.grailed.com/sold/MZoVJW84gQ
720,https://www.grailed.com/sold/AdVwDa9Zhg
721,https://www.grailed.com/sold/qizOk3PsdA
722,https://www.grailed.com/sold/ZiUNO4Olfw
723,https://www.grailed.com/sold/JhmIEuBTaQ
724,https://www.grailed.com/sold/TdcjhAQ1Dg
725,https://www.grailed.com/sold/eGRc89kCFQ
726,https://www.grailed.com/sold/UAh6tE_99w
727,https://www.grailed.com/sold/6hslz1DXOA
728,https://www.grailed.com/sold/_UKForrX4A
729,https://www.grailed.com/sold/EmaJYn-ORg
730,https://www.grailed.com/sold/GhNtAj3qOw
731,https://www.grailed.com/sold/LUkysqatKw
732,https://www.grailed.com/sold/oKF6AsFTtA
733,https://www.grailed.com/sold/YlDJfPEWVQ
734,https://www.grailed.com/sold/-Hglc1yyog
735,https://www.grailed.com/sold/aC7NgaI8kw
736,https://www.grailed.com/sold/RPO9cDtk3A
737,https://www.grailed.com/sold/RE_q2RSrzQ
738,https://www.grailed.com/sold/GnL79Dh1Pg
739,https://www.grailed.com/sold/i0RljP5wFw
740,https://www.grailed.com/sold/18H-X9ZWaw
741,https://www.grailed.com/sold/L04QOowzKA
742,https://www.grailed.com/sold/1nMgArr29w
743,https://www.grailed.com/sold/htc98BbOZA
744,https://www.grailed.com/sold
745,https://www.grailed.com/sold/-jbJvEbCbQ
746,https://www.grailed.com/sold/bL9ayH0mOA
747,https://www.grailed.com/sold/mFxMeKDIhg
748,https://www.grailed.com/sold/fGJZ8dEoUA
749,https://www.grailed.com/sold/RiiiZ0TaUA
750,https://www.grailed.com/sold/D_8ep4nbHw
751,https://www.grailed.com/sold/q8Y2FSaTTA
752,https://www.grailed.com/sold/kgVNcJdOXw
753,https://www.grailed.com/sold/TDv1cW8rNg
754,https://www.grailed.com/sold/vKUQ4VJ0xg
755,https://www.grailed.com/sold/13RavtZuOg
756,https://www.grailed.com/sold/Ixw83bQOoQ
757,https://www.grailed.com/sold/PKV67skAeQ
758,https://www.grailed.com/sold/1QqS-Wm5cA
759,https://www.grailed.com/sold/9z3ynXLVuQ
760,https://www.grailed.com/sold/uA1lffcWdQ
761,https://www.grailed.com/sold/KjPSLQk9rA
762,https://www.grailed.com/sold/ov97WH5Qxg
763,https://www.grailed.com/sold/U5g11bf6cA
764,https://www.grailed.com/sold/HPKjticLUg
765,https://www.grailed.com/sold/maTPjt4J_Q
766,https://www.grailed.com/sold/Yx_DqxCV9Q
767,https://www.grailed.com/sold/sOtJ6QpbCQ
768,https://www.grailed.com/sold/Jl8bk7m2SQ
769,https://www.grailed.com/sold/QyQ1Ffs5wA
770,https://www.grailed.com/sold/73ufjAAnHA
771,https://www.grailed.com/sold/VQdGStmeKg
772,https://www.grailed.com/sold/ahPYzIEWhg
773,https://www.grailed.com/sold/mOet83aORQ
774,https://www.grailed.com/sold/sHK6k62p0Q
775,https://www.grailed.com/sold/Z81xQ8fTRA
776,https://www.grailed.com/sold/Wgp0JrHLtw
777,https://www.grailed.com/sold/d-ezxrQofw
778,https://www.grailed.com/sold/EVi0rYOP9w
779,https://www.grailed.com/sold/Y7V1PKqnmg
780,https://www.grailed.com/sold/sJ5UxQF21g
781,https://www.grailed.com/sold/x7tbb2stUQ
782,https://www.grailed.com/sold/-hIb56w4oA
783,https://www.grailed.com/sold/UcFbhBBpaw
784,https://www.grailed.com/sold/VdIBGoeLgw
785,https://www.grailed.com/sold/0eT-OSam1Q
786,https://www.grailed.com/sold/YCeG-X2gUA
787,https://www.grailed.com/sold/uZ45fBDuhA
788,https://www.grailed.com/sold/dN1dQnaRnQ
789,https://www.grailed.com/sold/EN5OQ6Q0Fw
790,https://www.grailed.com/sold
791,https://www.grailed.com/sold/mhA0chcmkg
792,https://www.grailed.com/sold/fgaNlYjs5w
793,https://www.grailed.com/sold/feqtf8NrTA
794,https://www.grailed.com/sold/NOVFMh0jxw
795,https://www.grailed.com/sold/U8K3jTwpeA
796,https://www.grailed.com/sold/nLmPwR856A
797,https://www.grailed.com/sold/6TwdXt_xWg
798,https://www.grailed.com/sold/tFO28FRRWQ
799,https://www.grailed.com/sold/MOhSGtFqug
800,https://www.grailed.com/sold/vamJ2mnwTw
801,https://www.grailed.com/sold/kgF17wqzJg
802,https://www.grailed.com/sold/uqBlm6lbsQ
803,https://www.grailed.com/sold/KWvyoFBCNQ
804,https://www.grailed.com/sold/XusgDpWj_w
805,https://www.grailed.com/sold/9K5pAas-OQ
806,https://www.grailed.com/sold/pk9h3LPYCA
807,https://www.grailed.com/sold/GuD7moVqQA
808,https://www.grailed.com/sold/N3UBI4jBJg
809,https://www.grailed.com/sold/alSre3Su_w
810,https://www.grailed.com/sold/1yOIKbhWZw
811,https://www.grailed.com/sold/JaoC1mzk5w
812,https://www.grailed.com/sold/p3awxkSZZg
813,https://www.grailed.com/sold/6DarslnPhQ
814,https://www.grailed.com/sold
815,https://www.grailed.com/sold/WNctzZ1qOA
816,https://www.grailed.com/sold/OccMslvFGQ
817,https://www.grailed.com/sold/73D0_lAmOw
818,https://www.grailed.com/sold/V5fvlrnXrg
819,https://www.grailed.com/sold/gCYn2fr4_w
820,https://www.grailed.com/sold/D6CLeBX4Vg
821,https://www.grailed.com/sold/HHsqKqFqpQ
822,https://www.grailed.com/sold/uLZ1gUnpfg
823,https://www.grailed.com/sold/_Csc_Dy4dw
824,https://www.grailed.com/sold/al9s_2A_nw
825,https://www.grailed.com/sold/N-j6sfJGzg
826,https://www.grailed.com/sold/RWKNu6AC7w
827,https://www.grailed.com/sold/l5lJNhYAaA
828,https://www.grailed.com/sold/kGJrywYu7Q
829,https://www.grailed.com/sold/O7zj74l-6w
830,https://www.grailed.com/sold/yUP0aPWVSQ
831,https://www.grailed.com/sold/o6vYOeWoMw
832,https://www.grailed.com/sold/-wNVlZzmGA
833,https://www.grailed.com/sold/1w2DjvqvsA
834,https://www.grailed.com/sold/ocTdA7Phsw
835,https://www.grailed.com/sold/IBKDe3ojsg
836,https://www.grailed.com/sold/aXEzkRJuAQ
837,https://www.grailed.com/sold/8HMHcawXXQ
838,https://www.grailed.com/sold/uYImbxOWow
839,https://www.grailed.com/sold/EBiwnAW-dg
840,https://www.grailed.com/sold/Bej4cU8S2A
841,https://www.grailed.com/sold/4dLYf38BDA
842,https://www.grailed.com/sold/E6t72VI9Iw
843,https://www.grailed.com/sold/FfnZkXvnbg
844,https://www.grailed.com/sold/bFTTuXBUFw
845,https://www.grailed.com/sold
846,https://www.grailed.com/sold/rxfOExM_xQ
847,https://www.grailed.com/sold/Neg4aH6vqQ
848,https://www.grailed.com/sold/3AIzUMGRnQ
849,https://www.grailed.com/sold/Xf9fa4S5Sw
850,https://www.grailed.com/sold/5m4HWl1hag
851,https://www.grailed.com/sold/3D66tCALRg
852,https://www.grailed.com/sold/NxcVRfj0sQ
853,https://www.grailed.com/sold/wtKXGqnqdg
854,https://www.grailed.com/sold/pbeyiUCAKA
855,https://www.grailed.com/sold/Q-Gz7wWAgg
856,https://www.grailed.com/sold/_gqxRn1niQ
857,https://www.grailed.com/sold/GmKGovO2RA
858,https://www.grailed.com/sold/Ycs0LP27Gw
859,https://www.grailed.com/sold/_HVW8OWCzQ
860,https://www.grailed.com/sold/GR5_qHlXGQ
861,https://www.grailed.com/sold/RFarPk1Fpw
862,https://www.grailed.com/sold/Q44EB_QMPg
863,https://www.grailed.com/sold/jvUF6LULfA
864,https://www.grailed.com/sold/2_8KXBLPrg
865,https://www.grailed.com/sold/pgkWlCoCDw
866,https://www.grailed.com/sold/pavggaAHIQ
867,https://www.grailed.com/sold/sHkyvikRPA
868,https://www.grailed.com/sold/6A-MW3ahBw
869,https://www.grailed.com/sold/FqpceJQH0Q
870,https://www.grailed.com/sold/5iDo_1vdAQ
871,https://www.grailed.com/sold/xyRg6i6uNA
872,https://www.grailed.com/sold/swmK8h0tuQ
873,https://www.grailed.com/sold/xdOdde8ucQ
874,https://www.grailed.com/sold/tLej9KUR0g
875,https://www.grailed.com/sold/E6kGvLvo3Q
876,https://www.grailed.com/sold/F2GU4r1eMw
877,https://www.grailed.com/sold/9ccZcUszxg
878,https://www.grailed.com/sold/ByUc_lJMyQ
879,https://www.grailed.com/sold/pevDi6108g
880,https://www.grailed.com/sold/Dn5YV42-tg
881,https://www.grailed.com/sold/TLmA_lJw6w
882,https://www.grailed.com/sold/-zHbgwLdlw
883,https://www.grailed.com/sold/sQ8yqLYZow
884,https://www.grailed.com/sold/9AMHa2EGng
885,https://www.grailed.com/sold/kjm1JjtdDA
886,https://www.grailed.com/sold/bBSFFvMe_g
887,https://www.grailed.com/sold/fYNDPSDKag
888,https://www.grailed.com/sold/WVp28BgwBw
889,https://www.grailed.com/sold/p8SmluiLSw
890,https://www.grailed.com/sold/lao9SvcMYg
891,https://www.grailed.com/sold/58TbW_AClg
892,https://www.grailed.com/sold/i0MIF5tSIg
893,https://www.grailed.com/sold/f6fUu8Waxg
894,https://www.grailed.com/sold/o_4LYDWfww
895,https://www.grailed.com/sold/dH8wwraS_Q
896,https://www.grailed.com/sold/9WANKv3_Ow
897,https://www.grailed.com/sold/SWYpkiPmig
898,https://www.grailed.com/sold/ga1TfzYGow
899,https://www.grailed.com/sold/jJPzfcm3eg
900,https://www.grailed.com/sold/bqTwZd9iAg
901,https://www.grailed.com/sold/IEzg_KemrA
902,https://www.grailed.com/sold/jClaAjAZ-Q
903,https://www.grailed.com/sold/bQgbpU8QHw
904,https://www.grailed.com/sold/93D6riTeIA
905,https://www.grailed.com/sold/qt7Gjn3abA
906,https://www.grailed.com/sold/D5P_gqAGPA
907,https://www.grailed.com/sold/sEtKq76ZGg
908,https://www.grailed.com/sold/RQ87seJpfg
909,https://www.grailed.com/sold/rE7CrCby2Q
910,https://www.grailed.com/sold/6qKOxL5zzg
911,https://www.grailed.com/sold
912,https://www.grailed.com/sold/U6B3MNic3g
913,https://www.grailed.com/sold/yRMAa6Uxmg
914,https://www.grailed.com/sold/ZQluF-AGYQ
915,https://www.grailed.com/sold/_iuFlkJ0Dw
916,https://www.grailed.com/sold/2rAkIHccCg
917,https://www.grailed.com/sold/33ErnWsthw
918,https://www.grailed.com/sold/HRGT3jOC-A
919,https://www.grailed.com/sold/FsEqwf8w9Q
920,https://www.grailed.com/sold/vKn8FtzNgA
921,https://www.grailed.com/sold/tND598eQ3A
922,https://www.grailed.com/sold/XJj6PcA00g
923,https://www.grailed.com/sold/v6E9_5sl0g
924,https://www.grailed.com/sold/KEpvEKWfxA
925,https://www.grailed.com/sold/HtCIjkIT3A
926,https://www.grailed.com/sold/IwHfv_l0BQ
927,https://www.grailed.com/sold/8-1u_4VsNg
928,https://www.grailed.com/sold/zSuQ0fJmNw
929,https://www.grailed.com/sold/xIvoomAZYw
930,https://www.grailed.com/sold/9SWTAUuz3Q
931,https://www.grailed.com/sold
932,https://www.grailed.com/sold/w_mo_TeqKw
933,https://www.grailed.com/sold/zTsDrdVeuQ
934,https://www.grailed.com/sold/dPkEyl17dw
935,https://www.grailed.com/sold/E-CU7EV24Q
936,https://www.grailed.com/sold/xV6vsd_dRw
937,https://www.grailed.com/sold/k0dg8_davA
938,https://www.grailed.com/sold/_zf9EaCTHA
939,https://www.grailed.com/sold/EkUL3ya_2A
940,https://www.grailed.com/sold/i21Wm2BT1Q
941,https://www.grailed.com/sold/D6lf44Qz3Q
942,https://www.grailed.com/sold/PcWqaMmhuw
943,https://www.grailed.com/sold/k60qpM4ZLw
944,https://www.grailed.com/sold/sc5-R9l1lg
945,https://www.grailed.com/sold/xK4ys_jAqQ
946,https://www.grailed.com/sold/Km72-XNwLg
947,https://www.grailed.com/sold/uyuQg7QWFA
948,https://www.grailed.com/sold/gN4Ip8TZsg
949,https://www.grailed.com/sold/UDfHWQ7Glw
950,https://www.grailed.com/sold/ZJ5Uo4_zrQ
951,https://www.grailed.com/sold/dzclYGpr5Q
952,https://www.grailed.com/sold/Fc579hKP4Q
953,https://www.grailed.com/sold/XnCBQQxjmg
954,https://www.grailed.com/sold/hXXdGhJl9g
955,https://www.grailed.com/sold
956,https://www.grailed.com/sold/m0dRV8cEWA
957,https://www.grailed.com/sold/LhU4tUZUdg
958,https://www.grailed.com/sold/5B5A2_Pmlw
959,https://www.grailed.com/sold
960,https://www.grailed.com/sold/9wE6TpY51g
961,https://www.grailed.com/sold/urtiAfixcA
962,https://www.grailed.com/sold/kLGWnLNxMw
963,https://www.grailed.com/sold/xo5ZfFkqYQ
964,https://www.grailed.com/sold/XTMp77D5rg
965,https://www.grailed.com/sold/i1KBC1zVCg
966,https://www.grailed.com/sold/SbVFdMdnlA
967,https://www.grailed.com/sold/eROBc0RfGQ
968,https://www.grailed.com/sold/xir0W6U9cg
969,https://www.grailed.com/sold/JJ6Buj8jbA
970,https://www.grailed.com/sold/6dxFrvFRSQ
971,https://www.grailed.com/sold/mO2IsBu0CQ
972,https://www.grailed.com/sold/iYSprBuJ-A
973,https://www.grailed.com/sold/BGxNd1IzmA
974,https://www.grailed.com/sold/fW4pc0218w
975,https://www.grailed.com/sold/TFoP9X2nfw
976,https://www.grailed.com/sold/EdLXgKTymA
977,https://www.grailed.com/sold/MNtWg04Bng
978,https://www.grailed.com/sold/CxDvbyKvPg
979,https://www.grailed.com/sold/Hgoi1R9SvA
980,https://www.grailed.com/sold/k3a49VTE6w
981,https://www.grailed.com/sold/nTmTlFul8A
982,https://www.grailed.com/sold/7mfiipm6Cw
983,https://www.grailed.com/sold/5CeITk4HBw
984,https://www.grailed.com/sold/9i3qJRwNoA
985,https://www.grailed.com/sold/JZ1GlHfT2A
986,https://www.grailed.com/sold/mgrGuajnfg
987,https://www.grailed.com/sold/ifBpqBRWIA
988,https://www.grailed.com/sold/l2k4ngGLgg
989,https://www.grailed.com/sold/ISkOzGjqFg
990,https://www.grailed.com/sold/OjUsBmPbFA
991,https://www.grailed.com/sold/Bg6BvUIDxA
992,https://www.grailed.com/sold/Ksaj4vPW2A
993,https://www.grailed.com/sold/83UAnvV7Mg
994,https://www.grailed.com/sold/xQ5dTSDxBA
995,https://www.grailed.com/sold/ZbsLcoualQ
996,https://www.grailed.com/sold/dIRvAyedhw
997,https://www.grailed.com/sold/h-EUtyWZ3Q
998,https://www.grailed.com/sold/7jM9WNsgtA
999,https://www.grailed.com/sold/opd-oE65MQ
