,Link
0,https://www.grailed.com/sold/5iCMWql5SA
1,https://www.grailed.com/sold/wMFToT4zxw
2,https://www.grailed.com/sold/XW2KUQIftg
3,https://www.grailed.com/sold/-DnwRKDN1g
4,https://www.grailed.com/sold/ieVJr-UtFg
5,https://www.grailed.com/sold/po_adzWFMQ
6,https://www.grailed.com/sold/5lTIS1rfgw
7,https://www.grailed.com/sold/O8lA9JvnPg
8,https://www.grailed.com/sold/nWp9lqBcdg
9,https://www.grailed.com/sold/pGUM6ilfrw
10,https://www.grailed.com/sold/RSpHCOZuPw
11,https://www.grailed.com/sold/2tB5QS8kZQ
12,https://www.grailed.com/sold/yCdQHhTrmQ
13,https://www.grailed.com/sold/8pRuVEHcnw
14,https://www.grailed.com/sold/MPRr2dhZSw
15,https://www.grailed.com/sold/5ZK5LesAiw
16,https://www.grailed.com/sold/PsYclBVMug
17,https://www.grailed.com/sold/FzhSNI5tKQ
18,https://www.grailed.com/sold/uoEWCn6KJA
19,https://www.grailed.com/sold/54fiPkwPDQ
20,https://www.grailed.com/sold/Axn6NyH-cw
21,https://www.grailed.com/sold/3kR8Pp_Gmg
22,https://www.grailed.com/sold/k7skzHqnaw
23,https://www.grailed.com/sold/gB2irtqQXw
24,https://www.grailed.com/sold/3oTwm7fUmQ
25,https://www.grailed.com/sold/kpTcHpHnCg
26,https://www.grailed.com/sold/TDWN8tQdqg
27,https://www.grailed.com/sold/7WXGr6Xmdw
28,https://www.grailed.com/sold/oLNciPr9Mw
29,https://www.grailed.com/sold/oEFrQggMpQ
30,https://www.grailed.com/sold/NmL9kXt8Wg
31,https://www.grailed.com/sold/26gjamqv6g
32,https://www.grailed.com/sold/RLVvhc6bgA
33,https://www.grailed.com/sold/6FST9ZxCVA
34,https://www.grailed.com/sold/1PghQ45Wew
35,https://www.grailed.com/sold/lhXbejWfsw
36,https://www.grailed.com/sold/V6aJUqlr4w
37,https://www.grailed.com/sold/LThWg2KqHw
38,https://www.grailed.com/sold/KJhJjkQCyA
39,https://www.grailed.com/sold/_cqvT4ouPQ
40,https://www.grailed.com/sold/gF3KdQXP9Q
41,https://www.grailed.com/sold/Rvct34JLLA
42,https://www.grailed.com/sold/F8lrtQeaHw
43,https://www.grailed.com/sold/Ho40HQZVGw
44,https://www.grailed.com/sold/E_VEvu0hXw
45,https://www.grailed.com/sold/zpakJfagLg
46,https://www.grailed.com/sold/cyxOxZzzbA
47,https://www.grailed.com/sold/R-arS2W-FQ
48,https://www.grailed.com/sold/gMiL0rvYqQ
49,https://www.grailed.com/sold/b6zCcnUTxg
50,https://www.grailed.com/sold/edknFqc9vg
51,https://www.grailed.com/sold/OUwINc5r-g
52,https://www.grailed.com/sold/1v6A92iClA
53,https://www.grailed.com/sold/vbosX9dcAQ
54,https://www.grailed.com/sold/3zmu3a_GdQ
55,https://www.grailed.com/sold/HC4PcpAvIw
56,https://www.grailed.com/sold/KWDom2xpXQ
57,https://www.grailed.com/sold/TKbrlSZDqw
58,https://www.grailed.com/sold/70M4zjFoNQ
59,https://www.grailed.com/sold/E4gXH9x_tw
60,https://www.grailed.com/sold/CzenzYNJ7A
61,https://www.grailed.com/sold/mF0JG3jcZA
62,https://www.grailed.com/sold/EEQWlPJsCQ
63,https://www.grailed.com/sold/2loXRG58ZQ
64,https://www.grailed.com/sold/Y10B_H72gg
65,https://www.grailed.com/sold/lZgZK5l8TQ
66,https://www.grailed.com/sold/t5mv7uPIcw
67,https://www.grailed.com/sold/3ZKK3-yJew
68,https://www.grailed.com/sold/vDo35NhdBg
69,https://www.grailed.com/sold/2ONeG7G1EA
70,https://www.grailed.com/sold/1JW8MuGzdw
71,https://www.grailed.com/sold/DmitnhesHQ
72,https://www.grailed.com/sold/u61_VTNLzA
73,https://www.grailed.com/sold/70bprVvlBw
74,https://www.grailed.com/sold/zanBc5kq2w
75,https://www.grailed.com/sold/kDU05K2zmg
76,https://www.grailed.com/sold/20VHMz51LA
77,https://www.grailed.com/sold/pTnme7K2rA
78,https://www.grailed.com/sold/lYLYaMysVw
79,https://www.grailed.com/sold/DG1d06KGcg
80,https://www.grailed.com/sold/21UyW2r5tA
81,https://www.grailed.com/sold/Hxewbkfn9g
82,https://www.grailed.com/sold/gVqo_m39gA
83,https://www.grailed.com/sold/5qlPfKItNw
84,https://www.grailed.com/sold/gQwMuFjU-A
85,https://www.grailed.com/sold/lBrpbufVyQ
86,https://www.grailed.com/sold/yOZ0hrgDsA
87,https://www.grailed.com/sold/qxFYoaxeNQ
88,https://www.grailed.com/sold/kHZLMexhJQ
89,https://www.grailed.com/sold/v1TdS7BWwA
90,https://www.grailed.com/sold/PMTDB776Ug
91,https://www.grailed.com/sold/jXYxoFGOKg
92,https://www.grailed.com/sold/YNMUTACo9w
93,https://www.grailed.com/sold/pRJIIWqtEw
94,https://www.grailed.com/sold/E8e-UT7PLQ
95,https://www.grailed.com/sold/XWhZ9wM1EQ
96,https://www.grailed.com/sold/cV6o7ySMcw
97,https://www.grailed.com/sold/volcbEh47Q
98,https://www.grailed.com/sold/8uIfNqnOpQ
99,https://www.grailed.com/sold/Urzbr-hLXQ
100,https://www.grailed.com/sold/85NpVhXptQ
101,https://www.grailed.com/sold/rewcw2Dlzg
102,https://www.grailed.com/sold/EwFvNdaNFg
103,https://www.grailed.com/sold/rPvFvC_pfg
104,https://www.grailed.com/sold/3xqQjujcyQ
105,https://www.grailed.com/sold/GF8PQIiVFA
106,https://www.grailed.com/sold/zjHGtVjH_g
107,https://www.grailed.com/sold/coHH4NxTAg
108,https://www.grailed.com/sold/hQEQdNkh6w
109,https://www.grailed.com/sold/YtBYElU7yw
110,https://www.grailed.com/sold/UY0fPfyBkA
111,https://www.grailed.com/sold/CQV3mDdoPA
112,https://www.grailed.com/sold/NQqp-oNHYA
113,https://www.grailed.com/sold/Lw3F01pB8w
114,https://www.grailed.com/sold/rAtsaEtBVA
115,https://www.grailed.com/sold/R8gvitJlHQ
116,https://www.grailed.com/sold/HGWMTuoYjg
117,https://www.grailed.com/sold/1CdNengoXg
118,https://www.grailed.com/sold/OlcvPKKgkA
119,https://www.grailed.com/sold/gwsXPRsl1w
120,https://www.grailed.com/sold/aE1RoAnH6g
121,https://www.grailed.com/sold/q1JY0sds_Q
122,https://www.grailed.com/sold/iduI0hTo5g
123,https://www.grailed.com/sold/8NrvVXTDqg
124,https://www.grailed.com/sold/bsjmBbOxyw
125,https://www.grailed.com/sold/43xiHCrzmw
126,https://www.grailed.com/sold/btJyFCs_Cg
127,https://www.grailed.com/sold/DEfjXPkmxw
128,https://www.grailed.com/sold/qy9RT0RXSA
129,https://www.grailed.com/sold/q1Cz-MNNhA
130,https://www.grailed.com/sold/oJPg7ckm9Q
131,https://www.grailed.com/sold/0_AXojXbww
132,https://www.grailed.com/sold/_1X61SCyOQ
133,https://www.grailed.com/sold/EoSlYSZPIA
134,https://www.grailed.com/sold/qxlsAn_imA
135,https://www.grailed.com/sold/lSo4sISkdg
136,https://www.grailed.com/sold/ORjQhl5LjQ
137,https://www.grailed.com/sold/aM-liuaF8Q
138,https://www.grailed.com/sold/WIMlNU8-Dw
139,https://www.grailed.com/sold/V_rMB_oFbw
140,https://www.grailed.com/sold/PktIVeLnyQ
141,https://www.grailed.com/sold/lFv03oUiGQ
142,https://www.grailed.com/sold/vXvHaTAM-Q
143,https://www.grailed.com/sold/m3hmmxLmZQ
144,https://www.grailed.com/sold/LU8hGuXWIw
145,https://www.grailed.com/sold/N0pYGOSJIQ
146,https://www.grailed.com/sold/FjPGSrzaKA
147,https://www.grailed.com/sold/g5pqEK9ajg
148,https://www.grailed.com/sold/YbUZd4RmBQ
149,https://www.grailed.com/sold/OOMkL0Qykw
150,https://www.grailed.com/sold/TROm34GPog
151,https://www.grailed.com/sold/j6JAb4TLDw
152,https://www.grailed.com/sold/CbhF-nSGtg
153,https://www.grailed.com/sold/xCSrVXGQvw
154,https://www.grailed.com/sold
155,https://www.grailed.com/sold/UXA2RS3MAw
156,https://www.grailed.com/sold/bqaPaVHquw
157,https://www.grailed.com/sold/unD1XYjhVw
158,https://www.grailed.com/sold/hpdaXPKDxQ
159,https://www.grailed.com/sold/O2EHuwAufQ
160,https://www.grailed.com/sold/vpHjMu3Ovw
161,https://www.grailed.com/sold/FyEz-PVW4A
162,https://www.grailed.com/sold/NWl_Vz5a2A
163,https://www.grailed.com/sold/2-RdAk_yzA
164,https://www.grailed.com/sold/40dR2kV1gQ
165,https://www.grailed.com/sold/US31ZpF24A
166,https://www.grailed.com/sold/f9v5nQ5Cyg
167,https://www.grailed.com/sold/_mAEI47rZQ
168,https://www.grailed.com/sold/0yks97nruw
169,https://www.grailed.com/sold/jjN2pwezJg
170,https://www.grailed.com/sold/TaHzJB5nag
171,https://www.grailed.com/sold/nBK479HVrg
172,https://www.grailed.com/sold/5TQIqlL6ZA
173,https://www.grailed.com/sold/m8FM-sy68Q
174,https://www.grailed.com/sold/_Ieof823fQ
175,https://www.grailed.com/sold/MOQLjGXcZA
176,https://www.grailed.com/sold/gJCn5SvA7A
177,https://www.grailed.com/sold/ds0GEYuKYA
178,https://www.grailed.com/sold/DiEo33bU5A
179,https://www.grailed.com/sold/BDtj4Abw-w
180,https://www.grailed.com/sold/q6EaTx6yrQ
181,https://www.grailed.com/sold/_9ZByeuRVg
182,https://www.grailed.com/sold/PN-UkUBERQ
183,https://www.grailed.com/sold/jJUa1xvBow
184,https://www.grailed.com/sold/FVv46DLteg
185,https://www.grailed.com/sold/sxMdYi1y2A
186,https://www.grailed.com/sold/6P9KvFUtmg
187,https://www.grailed.com/sold/T3NbM1yuzg
188,https://www.grailed.com/sold/w0aqnxMSQQ
189,https://www.grailed.com/sold/0ZdV0gFotw
190,https://www.grailed.com/sold/oexj6EjrQQ
191,https://www.grailed.com/sold/7o9f3DJxng
192,https://www.grailed.com/sold/0HQ3fLYo2w
193,https://www.grailed.com/sold/IWmSgJda0g
194,https://www.grailed.com/sold/HaYcYgRo_g
195,https://www.grailed.com/sold/KBr-mDh-lg
196,https://www.grailed.com/sold/bLHv74WoeA
197,https://www.grailed.com/sold/XJ85UFcJdA
198,https://www.grailed.com/sold/phVEZGlomQ
199,https://www.grailed.com/sold/UfcBWjQ38w
200,https://www.grailed.com/sold/qQR6rRkOOw
201,https://www.grailed.com/sold/T9EAkhKy8Q
202,https://www.grailed.com/sold/X_6HNSgKvA
203,https://www.grailed.com/sold/vjvbKZD9XA
204,https://www.grailed.com/sold/3rFEdphmZg
205,https://www.grailed.com/sold/xH3Ia-9sHA
206,https://www.grailed.com/sold/ePfeDusoDQ
207,https://www.grailed.com/sold/EUMUOEKn1g
208,https://www.grailed.com/sold/SItYXk0a0g
209,https://www.grailed.com/sold/e5K4SOqaoA
210,https://www.grailed.com/sold/u6N_Vtfl6g
211,https://www.grailed.com/sold/DCPBq9RXnw
212,https://www.grailed.com/sold/-p_GKI8YLA
213,https://www.grailed.com/sold/fKD-DqO9oQ
214,https://www.grailed.com/sold/DkBS-YpBTA
215,https://www.grailed.com/sold/WaZIyTJDSw
216,https://www.grailed.com/sold/RKH5d-fEng
217,https://www.grailed.com/sold/7Lr2oquXXg
218,https://www.grailed.com/sold/UnKg_WdRrQ
219,https://www.grailed.com/sold/eM4oIW4nyQ
220,https://www.grailed.com/sold/fDQiOzz9Vg
221,https://www.grailed.com/sold/uvUNseF3fQ
222,https://www.grailed.com/sold/7MNq6nAL_A
223,https://www.grailed.com/sold/2oSiYZJkig
224,https://www.grailed.com/sold/YzNAv5SGcA
225,https://www.grailed.com/sold/N8Y7ocOEZA
226,https://www.grailed.com/sold/sx3Xcb1fDw
227,https://www.grailed.com/sold/wGcN_KdSMA
228,https://www.grailed.com/sold/eVQROQA44Q
229,https://www.grailed.com/sold/UjAJ0OUatw
230,https://www.grailed.com/sold/GdQsKi7IFA
231,https://www.grailed.com/sold/zcSfkKE-lA
232,https://www.grailed.com/sold/C3Le7gYLgA
233,https://www.grailed.com/sold/AFlVNjI2eQ
234,https://www.grailed.com/sold/DXCEMcWEuA
235,https://www.grailed.com/sold/aifqfOZKSg
236,https://www.grailed.com/sold/BptH8ji7lg
237,https://www.grailed.com/sold/0-KQau-RfQ
238,https://www.grailed.com/sold/GdzeVxPr1w
239,https://www.grailed.com/sold/BQ24LBF5Sw
240,https://www.grailed.com/sold/cpXU6OUo_g
241,https://www.grailed.com/sold/7vWUfQdjQA
242,https://www.grailed.com/sold/ycsoUpGQLw
243,https://www.grailed.com/sold/pWm7R7aYlw
244,https://www.grailed.com/sold/uEQPd9kzVA
245,https://www.grailed.com/sold/ITZifw_yaw
246,https://www.grailed.com/sold/V6Kf2c7KcA
247,https://www.grailed.com/sold/A1bHt2oRqg
248,https://www.grailed.com/sold/iw578YuPvw
249,https://www.grailed.com/sold/uUwdW_tvWQ
250,https://www.grailed.com/sold/Vlv54Tvdag
251,https://www.grailed.com/sold/OEnjcaPZ2Q
252,https://www.grailed.com/sold/FcInvZjw5g
253,https://www.grailed.com/sold/WwGisETLWg
254,https://www.grailed.com/sold/a935okVpWA
255,https://www.grailed.com/sold/aDelRKi7oQ
256,https://www.grailed.com/sold/zflB9eC6YA
257,https://www.grailed.com/sold/JG-4RXh4OQ
258,https://www.grailed.com/sold/KnRkpZieXQ
259,https://www.grailed.com/sold/_KESBNtUdQ
260,https://www.grailed.com/sold/6spgt5AleA
261,https://www.grailed.com/sold/murCUXnMJw
262,https://www.grailed.com/sold/EwnHUplvXw
263,https://www.grailed.com/sold/pcKvopVULQ
264,https://www.grailed.com/sold/hGI8KWOajw
265,https://www.grailed.com/sold/_0Zh3JThtQ
266,https://www.grailed.com/sold/Xkn5C_2Qfw
267,https://www.grailed.com/sold/rQfoAqBx1w
268,https://www.grailed.com/sold/kin64KwTgw
269,https://www.grailed.com/sold/hitqYYOsog
270,https://www.grailed.com/sold/8XOgnCCF6w
271,https://www.grailed.com/sold/bUWIAZzpTQ
272,https://www.grailed.com/sold/KBZQ0G5kdg
273,https://www.grailed.com/sold/lVHqiThNHQ
274,https://www.grailed.com/sold/9hgSycs1Tw
275,https://www.grailed.com/sold/BSOGrVAkHQ
276,https://www.grailed.com/sold/l5t4nJgLJw
277,https://www.grailed.com/sold/OMnfNh7xnw
278,https://www.grailed.com/sold/XN-Tp7RUGQ
279,https://www.grailed.com/sold/49OL8kc_4g
280,https://www.grailed.com/sold/Cw9k-LZHVg
281,https://www.grailed.com/sold/Ehp1F31xZQ
282,https://www.grailed.com/sold/gIRZctyNxw
283,https://www.grailed.com/sold/AlWLEaVyGQ
284,https://www.grailed.com/sold/qWCdq82sLQ
285,https://www.grailed.com/sold/kNRVhWBo3w
286,https://www.grailed.com/sold/U8N_MXamag
287,https://www.grailed.com/sold/AzsO_2mJ6w
288,https://www.grailed.com/sold/BaiYuwtbZw
289,https://www.grailed.com/sold/JZwOk5koZQ
290,https://www.grailed.com/sold/VlS9pwtQ1A
291,https://www.grailed.com/sold/_lKyuUHjxg
292,https://www.grailed.com/sold/7egfz6lz8Q
293,https://www.grailed.com/sold/9NUwGLNzWw
294,https://www.grailed.com/sold/i80CQtBFvg
295,https://www.grailed.com/sold/chJYwLePUQ
296,https://www.grailed.com/sold/LiNm_IRtBQ
297,https://www.grailed.com/sold/QWVLi_mcXw
298,https://www.grailed.com/sold/qCqJo4ONfw
299,https://www.grailed.com/sold/MSJfd7z-PQ
300,https://www.grailed.com/sold/7hncD19yiw
301,https://www.grailed.com/sold/V1RpfUs8mQ
302,https://www.grailed.com/sold/xNKVI6Kmxw
303,https://www.grailed.com/sold/Kf-R_6KwAg
304,https://www.grailed.com/sold/QkQIJrLR8Q
305,https://www.grailed.com/sold/O_sAyv-rxA
306,https://www.grailed.com/sold/5NhroljiRQ
307,https://www.grailed.com/sold/_y-CR_LFug
308,https://www.grailed.com/sold/23dG-FipjA
309,https://www.grailed.com/sold/LU2NmyiKeA
310,https://www.grailed.com/sold/XcTWImKgZA
311,https://www.grailed.com/sold/V2wUsdXJfA
312,https://www.grailed.com/sold/BgLWGpyxfw
313,https://www.grailed.com/sold/0liNvZCk5Q
314,https://www.grailed.com/sold/Fg0W4YQctw
315,https://www.grailed.com/sold/Bq4kH57_uQ
316,https://www.grailed.com/sold/R3bOPHctQw
317,https://www.grailed.com/sold/4flxqE00ig
318,https://www.grailed.com/sold/3RN8bIZq5Q
319,https://www.grailed.com/sold/BoLVuQFC_w
320,https://www.grailed.com/sold/ssiXgQZRBw
321,https://www.grailed.com/sold/NrM97yxXSw
322,https://www.grailed.com/sold/Y3X_ij0q8w
323,https://www.grailed.com/sold/Gj0_dD3fiQ
324,https://www.grailed.com/sold/fVTg01kVIA
325,https://www.grailed.com/sold/fL7Vt_bGxQ
326,https://www.grailed.com/sold/yc4bzIGJ3Q
327,https://www.grailed.com/sold/AQ1mlr0ncA
328,https://www.grailed.com/sold/2B4AdUzJCQ
329,https://www.grailed.com/sold/cpCSCUQBsA
330,https://www.grailed.com/sold/4XcaT07MLA
331,https://www.grailed.com/sold/5KcwvEgKSQ
332,https://www.grailed.com/sold/5qxV5Wx_jQ
333,https://www.grailed.com/sold/Q6jcb4VQQQ
334,https://www.grailed.com/sold/YrnfmCm6gA
335,https://www.grailed.com/sold/trplXGfDew
336,https://www.grailed.com/sold/ykv1-JMNIQ
337,https://www.grailed.com/sold/fjkI3IloVA
338,https://www.grailed.com/sold/kFCvd2a0eA
339,https://www.grailed.com/sold/NK35KPYIWQ
340,https://www.grailed.com/sold/rFZE-QQPow
341,https://www.grailed.com/sold/V-62BkIq3g
342,https://www.grailed.com/sold/OiT01FtAkw
343,https://www.grailed.com/sold/-ymVwtTXsQ
344,https://www.grailed.com/sold/NyC6pHDHuA
345,https://www.grailed.com/sold/ze0iVoDq4A
346,https://www.grailed.com/sold/oTf7vO6d3A
347,https://www.grailed.com/sold/6rVanJlPCQ
348,https://www.grailed.com/sold/-Qkyyx4Y2Q
349,https://www.grailed.com/sold/fQHoA1EUXg
350,https://www.grailed.com/sold/ZBUKzJMpUA
351,https://www.grailed.com/sold/3VbfPtiDng
352,https://www.grailed.com/sold/cqP-Q_mASQ
353,https://www.grailed.com/sold/0Y_TddPubA
354,https://www.grailed.com/sold/SyVHkmcUaw
355,https://www.grailed.com/sold/-y3XJWadMA
356,https://www.grailed.com/sold/Q2IYUb5LRQ
357,https://www.grailed.com/sold/gOrztRWi4Q
358,https://www.grailed.com/sold/Cxkl3-5k5A
359,https://www.grailed.com/sold/zoiryXRm4Q
360,https://www.grailed.com/sold/CbY5L-qkIg
361,https://www.grailed.com/sold/Yg5Xo6DZ2Q
362,https://www.grailed.com/sold/8avxuUcQiA
363,https://www.grailed.com/sold/gJDu6EAMzw
364,https://www.grailed.com/sold/ucf3t5DgAg
365,https://www.grailed.com/sold/kYOFifdp5A
366,https://www.grailed.com/sold/3u3V6DAUCw
367,https://www.grailed.com/sold/heYA4Zzm8A
368,https://www.grailed.com/sold/mteugFx8vA
369,https://www.grailed.com/sold/1QloUYEuEQ
370,https://www.grailed.com/sold/tIsgdQO3Nw
371,https://www.grailed.com/sold/8Epkmx8hSw
372,https://www.grailed.com/sold/YHnlc7-ShA
373,https://www.grailed.com/sold/ZkiVsDBJAQ
374,https://www.grailed.com/sold/idAnpn3szA
375,https://www.grailed.com/sold/KYS1dZIk5g
376,https://www.grailed.com/sold/vRfFNScfTQ
377,https://www.grailed.com/sold/K6t4uoJTsg
378,https://www.grailed.com/sold/5mRiP_7w8Q
379,https://www.grailed.com/sold/Pj5KCXJAjg
380,https://www.grailed.com/sold/w5fvxl9fZg
381,https://www.grailed.com/sold/iLLl0I7YSQ
382,https://www.grailed.com/sold/M_yn10XwgQ
383,https://www.grailed.com/sold/7fBq_wK1Ng
384,https://www.grailed.com/sold/zPjF9L95Xg
385,https://www.grailed.com/sold/fg-kPSQsDw
386,https://www.grailed.com/sold/ZccSlcFbWQ
387,https://www.grailed.com/sold/Pqbz6H5yEQ
388,https://www.grailed.com/sold/mGSACoZCVQ
389,https://www.grailed.com/sold/bcwbhU579w
390,https://www.grailed.com/sold/d5_b9qJhKA
391,https://www.grailed.com/sold/QbUzHIHazw
392,https://www.grailed.com/sold/e5bhCkDA0g
393,https://www.grailed.com/sold/OKx8i40dLQ
394,https://www.grailed.com/sold/Z2zDwM7t-A
395,https://www.grailed.com/sold/buQxj2zU4w
396,https://www.grailed.com/sold/ObW-Q03LDw
397,https://www.grailed.com/sold/U5EqmPdFFA
398,https://www.grailed.com/sold/jr3-hFt7oA
399,https://www.grailed.com/sold/M02SihOmsQ
400,https://www.grailed.com/sold/xozkbUsjag
401,https://www.grailed.com/sold/ZGgFfr8Nkw
402,https://www.grailed.com/sold/EOQlb6IJWA
403,https://www.grailed.com/sold/qGr5KBaWTg
404,https://www.grailed.com/sold/oHzmznmsjQ
405,https://www.grailed.com/sold/I1nQq_x96w
406,https://www.grailed.com/sold/dixGWcAksA
407,https://www.grailed.com/sold/NdA8KfxsDw
408,https://www.grailed.com/sold/JyAp5TFRew
409,https://www.grailed.com/sold/nfVFfPAi3Q
410,https://www.grailed.com/sold/zYS2JXtWRg
411,https://www.grailed.com/sold/SDZfn4BsdQ
412,https://www.grailed.com/sold/dm1elaCAVA
413,https://www.grailed.com/sold/AoBGP0XDjA
414,https://www.grailed.com/sold/zZ9n2E_QIg
415,https://www.grailed.com/sold/vj2qQwntJA
416,https://www.grailed.com/sold/NWh0p5y90g
417,https://www.grailed.com/sold/3fe5_Avh4Q
418,https://www.grailed.com/sold/LgQSpMBAwA
419,https://www.grailed.com/sold/Vn2G6R1C1A
420,https://www.grailed.com/sold/oNqv7rq6Iw
421,https://www.grailed.com/sold/9Av0pC4UCA
422,https://www.grailed.com/sold/kz4-NCUNIQ
423,https://www.grailed.com/sold/0YhiSIJYbw
424,https://www.grailed.com/sold/c_GhNgutxA
425,https://www.grailed.com/sold/bYH07r2aJw
426,https://www.grailed.com/sold/q5mLaK93hA
427,https://www.grailed.com/sold/pcusR__Agg
428,https://www.grailed.com/sold/eBGFspLQOQ
429,https://www.grailed.com/sold/yFo_6XSqlQ
430,https://www.grailed.com/sold/yuobrpJVQg
431,https://www.grailed.com/sold/U26G2yVrZg
432,https://www.grailed.com/sold/0rnLimjH0A
433,https://www.grailed.com/sold/h9o7B7zKvQ
434,https://www.grailed.com/sold/u43hKAwcMg
435,https://www.grailed.com/sold/__aXmiQQxw
436,https://www.grailed.com/sold/kkP5w6pieQ
437,https://www.grailed.com/sold/v9boFEE9Iw
438,https://www.grailed.com/sold/XAXM2T4WAg
439,https://www.grailed.com/sold/tDUmTsopgQ
440,https://www.grailed.com/sold/5l5UoxUZTg
441,https://www.grailed.com/sold/q6dpmoIoVg
442,https://www.grailed.com/sold/zAuxKkJ1HQ
443,https://www.grailed.com/sold/yyJA5WRdUw
444,https://www.grailed.com/sold/VMH82cLEOw
445,https://www.grailed.com/sold/GJlGcGLhlg
446,https://www.grailed.com/sold/yTmgVyDp2Q
447,https://www.grailed.com/sold/ANnnLyphCA
448,https://www.grailed.com/sold/QbeI6wgQig
449,https://www.grailed.com/sold/qP76G__EIA
450,https://www.grailed.com/sold/qoVW2mQzgw
451,https://www.grailed.com/sold/kVIJutKpNQ
452,https://www.grailed.com/sold/veAlSQ30-Q
453,https://www.grailed.com/sold/CuNJmhgyeA
454,https://www.grailed.com/sold/0GiCl_9XAA
455,https://www.grailed.com/sold/8STpyOGFUw
456,https://www.grailed.com/sold/IcriteLk5A
457,https://www.grailed.com/sold/GYJHdQYVeA
458,https://www.grailed.com/sold/qQfJsQMRCA
459,https://www.grailed.com/sold/DhaVNmACEw
460,https://www.grailed.com/sold/6glXJYsK4A
461,https://www.grailed.com/sold/un5R2IJnMA
462,https://www.grailed.com/sold/ZhV3YBv0jQ
463,https://www.grailed.com/sold/OfcSUyDNOw
464,https://www.grailed.com/sold/Hvhw-XG-FQ
465,https://www.grailed.com/sold/NC0hK4fFLQ
466,https://www.grailed.com/sold/0--YgziHRw
467,https://www.grailed.com/sold/ddT5-nK7Aw
468,https://www.grailed.com/sold/SyLmViW5lw
469,https://www.grailed.com/sold/dvaH6fYbIg
470,https://www.grailed.com/sold/n88-wAjo0Q
471,https://www.grailed.com/sold/L-H4cZbGfg
472,https://www.grailed.com/sold/EYuf6DEeFQ
473,https://www.grailed.com/sold/LzWGGD5s2Q
474,https://www.grailed.com/sold/EhVAbEXAEQ
475,https://www.grailed.com/sold/4vQcEKBmNw
476,https://www.grailed.com/sold/tcReNUxaMw
477,https://www.grailed.com/sold/BSxQfxVXZA
478,https://www.grailed.com/sold/OUG5H2Oh7w
479,https://www.grailed.com/sold/T-zlLxrHeQ
480,https://www.grailed.com/sold/NpbGEbueGQ
481,https://www.grailed.com/sold/DC55D3dlXQ
482,https://www.grailed.com/sold/XAsGq0Au0A
483,https://www.grailed.com/sold/tjAeuOm_fA
484,https://www.grailed.com/sold/UOe-P5Wvpg
485,https://www.grailed.com/sold/LrDtomTIqQ
486,https://www.grailed.com/sold/mEWEmEidng
487,https://www.grailed.com/sold/cfqjJCrHKw
488,https://www.grailed.com/sold/PIQ9WmL4lw
489,https://www.grailed.com/sold/DUrFiI1rlg
490,https://www.grailed.com/sold/W50-eaG6hQ
491,https://www.grailed.com/sold/0BdiHHbVQQ
492,https://www.grailed.com/sold/G_9j1yleVQ
493,https://www.grailed.com/sold/kFKPzllFoQ
494,https://www.grailed.com/sold/wH_LOFt-aA
495,https://www.grailed.com/sold/3o-iAZRJBA
496,https://www.grailed.com/sold/5L_HBXHunA
497,https://www.grailed.com/sold/f2JdcWY9eA
498,https://www.grailed.com/sold/El1JDF9ofA
499,https://www.grailed.com/sold/rVTJKsJb2Q
500,https://www.grailed.com/sold/AwO8HCdYAg
501,https://www.grailed.com/sold/A7wR0JJ-9g
502,https://www.grailed.com/sold/6PMm2Mb_Ag
503,https://www.grailed.com/sold/oB4AaJdg9w
504,https://www.grailed.com/sold/NWrjtmaxnA
505,https://www.grailed.com/sold/zo5eaXKrqw
506,https://www.grailed.com/sold/eEDZZ4g2iA
507,https://www.grailed.com/sold/DP6LiQ0-_Q
508,https://www.grailed.com/sold/QwTDBBt8-Q
509,https://www.grailed.com/sold/Jz9fuuTvvg
510,https://www.grailed.com/sold/pMRCNi0k5A
511,https://www.grailed.com/sold/LgWb8VEKCw
512,https://www.grailed.com/sold/3cGkFIZoHA
513,https://www.grailed.com/sold/IJOUU6covw
514,https://www.grailed.com/sold/cBxEy0IAwQ
515,https://www.grailed.com/sold/HF43JrwbZQ
516,https://www.grailed.com/sold/XTn73wNscw
517,https://www.grailed.com/sold/tkc03PDDlg
518,https://www.grailed.com/sold/hnRDI97xtw
519,https://www.grailed.com/sold/qJEnt4317g
520,https://www.grailed.com/sold/y6kg5lL-hQ
521,https://www.grailed.com/sold/X5ySzhKT4Q
522,https://www.grailed.com/sold/14J0Uhs14g
523,https://www.grailed.com/sold/ZIkjqn5J6w
524,https://www.grailed.com/sold/XLRUehsoMg
525,https://www.grailed.com/sold/wWC-Cth8LA
526,https://www.grailed.com/sold/biGP8-LzxQ
527,https://www.grailed.com/sold/HP19pIzONA
528,https://www.grailed.com/sold/zGEJadok8A
529,https://www.grailed.com/sold/neQfyxSLjw
530,https://www.grailed.com/sold/6_MVPghFuw
531,https://www.grailed.com/sold/OwOOnr3BVw
532,https://www.grailed.com/sold/zhAOJl4z2w
533,https://www.grailed.com/sold/iktrBzzU8g
534,https://www.grailed.com/sold/DwvKZpNjbA
535,https://www.grailed.com/sold/Q-Os09pLng
536,https://www.grailed.com/sold/1yMDLoOXjQ
537,https://www.grailed.com/sold/9_ivgWW61g
538,https://www.grailed.com/sold/BnRJhmLaPA
539,https://www.grailed.com/sold/0ZEn9SVzPA
540,https://www.grailed.com/sold/OAZG5i87ng
541,https://www.grailed.com/sold/p_ew8GJWYA
542,https://www.grailed.com/sold/rStP65LFGQ
543,https://www.grailed.com/sold/uy7or8--FA
544,https://www.grailed.com/sold/Jbzd2_L9lw
545,https://www.grailed.com/sold/WNCd25XeoA
546,https://www.grailed.com/sold/iK6KSXVYjg
547,https://www.grailed.com/sold/RK7KYDyUPw
548,https://www.grailed.com/sold/V9Ry-x0LPA
549,https://www.grailed.com/sold/-5kYDzPMiA
550,https://www.grailed.com/sold/v0A9nmybvg
551,https://www.grailed.com/sold/WqyG_yrgwA
552,https://www.grailed.com/sold/pO-j1Bm4KA
553,https://www.grailed.com/sold/d-r43XLDQw
554,https://www.grailed.com/sold/gh0YL6oKZQ
555,https://www.grailed.com/sold/AfMvcVjFWA
556,https://www.grailed.com/sold/j767yjKbyA
557,https://www.grailed.com/sold/4NWwsA79TQ
558,https://www.grailed.com/sold/7A6byA08-Q
559,https://www.grailed.com/sold/Z-s9whAMJA
560,https://www.grailed.com/sold/uiieASUqag
561,https://www.grailed.com/sold/pD9sk1fEmQ
562,https://www.grailed.com/sold/SDsT19qG8w
563,https://www.grailed.com/sold/AwK8Ml6vSw
564,https://www.grailed.com/sold/PVXy74_ImA
565,https://www.grailed.com/sold/mymX-ovSnQ
566,https://www.grailed.com/sold/677_fv4zsQ
567,https://www.grailed.com/sold/VKEIzvcJcw
568,https://www.grailed.com/sold/M-t9uBlyaA
569,https://www.grailed.com/sold/hR7OVrOVHw
570,https://www.grailed.com/sold/UV_CVPISMw
571,https://www.grailed.com/sold/QVrrstneZA
572,https://www.grailed.com/sold/XiIresvdsw
573,https://www.grailed.com/sold/AM2wLwP_kA
574,https://www.grailed.com/sold/RThYPAHpdA
575,https://www.grailed.com/sold/tXIVX_AghQ
576,https://www.grailed.com/sold/vzaKHpP3Pw
577,https://www.grailed.com/sold/fZOGk5WllQ
578,https://www.grailed.com/sold/gIurgTWcEA
579,https://www.grailed.com/sold/clm-UvHiIA
580,https://www.grailed.com/sold/ezVNBneX5Q
581,https://www.grailed.com/sold/9NUALMz7jA
582,https://www.grailed.com/sold/HfKUtofESw
583,https://www.grailed.com/sold/qI0EzoeLbg
584,https://www.grailed.com/sold/sn-b9sTx2w
585,https://www.grailed.com/sold/CcnII2k7SA
586,https://www.grailed.com/sold/Uu8uJf8eHg
587,https://www.grailed.com/sold/zjeaLNn6PA
588,https://www.grailed.com/sold/x96OeWb9-Q
589,https://www.grailed.com/sold/a9X8aukgQA
590,https://www.grailed.com/sold/eegSMZPDIw
591,https://www.grailed.com/sold/Y-fId_mC2w
592,https://www.grailed.com/sold/CX1MLtkSJg
593,https://www.grailed.com/sold/NEBMIDUS1w
594,https://www.grailed.com/sold/WjVCVTh4lA
595,https://www.grailed.com/sold/NHwgRXJmIw
596,https://www.grailed.com/sold/-clzWpXAmg
597,https://www.grailed.com/sold/qqdH8xjpSw
598,https://www.grailed.com/sold/MOFUXu3bFw
599,https://www.grailed.com/sold/ZTIaO8htEw
600,https://www.grailed.com/sold/r05sLEFXXA
601,https://www.grailed.com/sold/Qs-mQZK-hg
602,https://www.grailed.com/sold/h54l4vNZpQ
603,https://www.grailed.com/sold/vmSWNEBGhg
604,https://www.grailed.com/sold/-OQ5t-99Ug
605,https://www.grailed.com/sold/ekQ3vet4Fw
606,https://www.grailed.com/sold/svnt9INLRQ
607,https://www.grailed.com/sold/1AjyoKtmlA
608,https://www.grailed.com/sold/PST3lOperQ
609,https://www.grailed.com/sold/OGog1jLoDg
610,https://www.grailed.com/sold/fahOWd-GZQ
611,https://www.grailed.com/sold/1HSrx957iw
612,https://www.grailed.com/sold/DObI_FFpXA
613,https://www.grailed.com/sold/2CQPpA5wKw
614,https://www.grailed.com/sold/-Lp7VBMYig
615,https://www.grailed.com/sold/1vgeCzYN-A
616,https://www.grailed.com/sold/HZ4eZH4A4w
617,https://www.grailed.com/sold/UZlc5Te2_Q
618,https://www.grailed.com/sold/SpDeSMnH_Q
619,https://www.grailed.com/sold/Rq86ttpUWA
620,https://www.grailed.com/sold/fRF-GsiHKA
621,https://www.grailed.com/sold/Hw9t-426lA
622,https://www.grailed.com/sold/WnN5qbWvlg
623,https://www.grailed.com/sold/zES7c78AiQ
624,https://www.grailed.com/sold/8yjJferdmA
625,https://www.grailed.com/sold/LKWCHMTcqw
626,https://www.grailed.com/sold/waDyEwoq2w
627,https://www.grailed.com/sold/sQQWqo-nzQ
628,https://www.grailed.com/sold/euwHcauB7Q
629,https://www.grailed.com/sold/QGiMqhMTzA
630,https://www.grailed.com/sold/CU6MwQGA5w
631,https://www.grailed.com/sold/eCcnVAxFYw
632,https://www.grailed.com/sold/7bh6tk-2Gg
633,https://www.grailed.com/sold/h1uhr3HrUA
634,https://www.grailed.com/sold/5nMW8msPaA
635,https://www.grailed.com/sold/IWhtTEfD4g
636,https://www.grailed.com/sold/eHLb60A4zA
637,https://www.grailed.com/sold/bc8yGLjsVQ
638,https://www.grailed.com/sold/cdA3f55UCw
639,https://www.grailed.com/sold/BIWLV4wfXA
640,https://www.grailed.com/sold/1W5ag5dwMg
641,https://www.grailed.com/sold/jkZ5r2tqsA
642,https://www.grailed.com/sold/LBcH0TerDQ
643,https://www.grailed.com/sold/93vAkWK4Ew
644,https://www.grailed.com/sold/FvLfgIZCOQ
645,https://www.grailed.com/sold/x-nFbD33Nw
646,https://www.grailed.com/sold/hI3ODnWCgg
647,https://www.grailed.com/sold/_mBrm4ogVQ
648,https://www.grailed.com/sold/t2_yeXwo6A
649,https://www.grailed.com/sold/rtplj2Xr_Q
650,https://www.grailed.com/sold/FYrsGveuIA
651,https://www.grailed.com/sold/oC9xYIoB4w
652,https://www.grailed.com/sold/Ni6XBNlDcg
653,https://www.grailed.com/sold/XlUXK6I6ow
654,https://www.grailed.com/sold/Y2tdc222Jg
655,https://www.grailed.com/sold/lNkSCOVBWA
656,https://www.grailed.com/sold/cQY8-c4Svg
657,https://www.grailed.com/sold/puD0NrVoyA
658,https://www.grailed.com/sold/My4zU54mmQ
659,https://www.grailed.com/sold/46VEEeFp_w
660,https://www.grailed.com/sold/pH1T34SJBA
661,https://www.grailed.com/sold/aIO96BLGSw
662,https://www.grailed.com/sold/3om2De9CfA
663,https://www.grailed.com/sold/dMyWlje-aA
664,https://www.grailed.com/sold/v3QVIYCqIw
665,https://www.grailed.com/sold/hTViuKBOjg
666,https://www.grailed.com/sold/fv6KIBY-hA
667,https://www.grailed.com/sold/EZIXX_FdkA
668,https://www.grailed.com/sold/ZZnVbiJP-w
669,https://www.grailed.com/sold/4l_VYX-rnQ
670,https://www.grailed.com/sold/m8c8PtmCPg
671,https://www.grailed.com/sold/dpsjCSgR5w
672,https://www.grailed.com/sold/DCZ2Ew1s4w
673,https://www.grailed.com/sold/PZAh06ZHPQ
674,https://www.grailed.com/sold/xCBqeutnqg
675,https://www.grailed.com/sold/6_YUV6PReg
676,https://www.grailed.com/sold/8yQVVdIL4w
677,https://www.grailed.com/sold/qZokBCIZjg
678,https://www.grailed.com/sold/awCED3SbeQ
679,https://www.grailed.com/sold/P3Ig5ZRnIQ
680,https://www.grailed.com/sold/4zfAMO_qgA
681,https://www.grailed.com/sold/gpV71qTObg
682,https://www.grailed.com/sold/N4WTob-cpg
683,https://www.grailed.com/sold/gkYejOVVcw
684,https://www.grailed.com/sold/yXj0Ra-Erg
685,https://www.grailed.com/sold/8jub0u4JNg
686,https://www.grailed.com/sold/-ZTEe8pKIg
687,https://www.grailed.com/sold/T8ZtCklc0w
688,https://www.grailed.com/sold/et4n_zUMBA
689,https://www.grailed.com/sold/uoFymCx3Dg
690,https://www.grailed.com/sold/b_bf1fGdIw
691,https://www.grailed.com/sold/g2KZChIr3w
692,https://www.grailed.com/sold/I0ngZxbYqQ
693,https://www.grailed.com/sold/Nj_vN1lptg
694,https://www.grailed.com/sold/Didt2-sD6g
695,https://www.grailed.com/sold/PhYd0FQWaA
696,https://www.grailed.com/sold/NKCY4FdHiQ
697,https://www.grailed.com/sold/mHvB5gTgVA
698,https://www.grailed.com/sold/G7KuRDxBkA
699,https://www.grailed.com/sold/OXsDk757Bg
700,https://www.grailed.com/sold/Qpx_jlzgDA
701,https://www.grailed.com/sold/9oxzocsLkQ
702,https://www.grailed.com/sold/SocRHrscfA
703,https://www.grailed.com/sold/lcWKLq7luA
704,https://www.grailed.com/sold/4-sOuBhiKg
705,https://www.grailed.com/sold/01Z7vTiSRw
706,https://www.grailed.com/sold/lw-PmHj8ag
707,https://www.grailed.com/sold/PHRMFLr4yQ
708,https://www.grailed.com/sold/PpCBxH96wQ
709,https://www.grailed.com/sold/7_OAfEEGCA
710,https://www.grailed.com/sold/-NWTIDv99w
711,https://www.grailed.com/sold/NhmAHHlN3w
712,https://www.grailed.com/sold/y9KLJbdbbQ
713,https://www.grailed.com/sold/G-u_K1kaNw
714,https://www.grailed.com/sold/ZzsyAV2yQg
715,https://www.grailed.com/sold/YinQF5EzEA
716,https://www.grailed.com/sold/AKz0SP2PkA
717,https://www.grailed.com/sold/-GEzgR0pgQ
718,https://www.grailed.com/sold/vDDAjPeuSQ
719,https://www.grailed.com/sold/acxOsqL2ng
720,https://www.grailed.com/sold/U9HZyz2OxA
721,https://www.grailed.com/sold/pqvGYOn4Jg
722,https://www.grailed.com/sold/WNou8TbAjA
723,https://www.grailed.com/sold/PMWXzokVug
724,https://www.grailed.com/sold/Pe5Fk181kQ
725,https://www.grailed.com/sold/hB33aajJEQ
726,https://www.grailed.com/sold/dKICsLKEVg
727,https://www.grailed.com/sold/npfcZTOahA
728,https://www.grailed.com/sold/3jwrgoSJcQ
729,https://www.grailed.com/sold/AMDpv-cedQ
730,https://www.grailed.com/sold/53Z4lTmKZA
731,https://www.grailed.com/sold/hB-dJqjVUQ
732,https://www.grailed.com/sold/gPEzOUNVzw
733,https://www.grailed.com/sold/GzEQ5nihpQ
734,https://www.grailed.com/sold/T7sL98WfkA
735,https://www.grailed.com/sold/WNDepIiqDA
736,https://www.grailed.com/sold/4d-lteA9bw
737,https://www.grailed.com/sold/gzTaT_e7Lg
738,https://www.grailed.com/sold/3ZU6YHmdyQ
739,https://www.grailed.com/sold/FFg8CNxiIg
740,https://www.grailed.com/sold/pYzV8NgTWg
741,https://www.grailed.com/sold/8h1XcnsFZA
742,https://www.grailed.com/sold/drD-XkKywg
743,https://www.grailed.com/sold/j0caFejCcQ
744,https://www.grailed.com/sold/YrRpKsG3ew
745,https://www.grailed.com/sold/pYg1gKZ48w
746,https://www.grailed.com/sold/p7gTR8RnSA
747,https://www.grailed.com/sold/nckMsEffiA
748,https://www.grailed.com/sold/zIs-TVgNdw
749,https://www.grailed.com/sold/yljZGcVthw
750,https://www.grailed.com/sold/AWb0AZ7imQ
751,https://www.grailed.com/sold/65FAduCpyg
752,https://www.grailed.com/sold/8-wl3tFd3w
753,https://www.grailed.com/sold/paT27tZnHA
754,https://www.grailed.com/sold/sLURY8LC1Q
755,https://www.grailed.com/sold/ab1PVsnE9w
756,https://www.grailed.com/sold/5YVFElX6Pg
757,https://www.grailed.com/sold/Iq-EmsQszg
758,https://www.grailed.com/sold/NW8tIh8bdw
759,https://www.grailed.com/sold/fMXXdK93Nw
760,https://www.grailed.com/sold/COYIkhnhcw
761,https://www.grailed.com/sold/v9TZF36iWA
762,https://www.grailed.com/sold/OIvkKmwM-g
763,https://www.grailed.com/sold/DPzQlgOdcw
764,https://www.grailed.com/sold/DIQ0SomFIw
765,https://www.grailed.com/sold/eTWlqYAdkw
766,https://www.grailed.com/sold/W4Zy5LICrw
767,https://www.grailed.com/sold/7_ZSwYV_5A
768,https://www.grailed.com/sold/hNv909E6Ow
769,https://www.grailed.com/sold/BgCTXqKfFg
770,https://www.grailed.com/sold/PeYbI6xh9g
771,https://www.grailed.com/sold/ciERS6f1Aw
772,https://www.grailed.com/sold/fxAAH85A-Q
773,https://www.grailed.com/sold/7JiKB3EKPQ
774,https://www.grailed.com/sold/148uvjYxug
775,https://www.grailed.com/sold/N_wrSsQ96g
776,https://www.grailed.com/sold/dTMsaVjKlw
777,https://www.grailed.com/sold/DfAek88eRw
778,https://www.grailed.com/sold/kv_k64GGiw
779,https://www.grailed.com/sold/R1EZL4t7xA
780,https://www.grailed.com/sold/0YJGv4Nqwg
781,https://www.grailed.com/sold/1aKfcuf0BA
782,https://www.grailed.com/sold/w87oKHPZow
783,https://www.grailed.com/sold/Ka0oY7L0CQ
784,https://www.grailed.com/sold/bKxV7eTtCw
785,https://www.grailed.com/sold/4lIrP2B8wg
786,https://www.grailed.com/sold/R70ODjOvtw
787,https://www.grailed.com/sold/7Dyu0NkSng
788,https://www.grailed.com/sold/2PvA-p07Ew
789,https://www.grailed.com/sold/FzaBNl9IMw
790,https://www.grailed.com/sold/5IVb8DpgmQ
791,https://www.grailed.com/sold/hNA1kIhJgA
792,https://www.grailed.com/sold/8gegC72QgQ
793,https://www.grailed.com/sold/_LpDJVAldQ
794,https://www.grailed.com/sold/6afF6OUG7g
795,https://www.grailed.com/sold/LhN8RNR1Ew
796,https://www.grailed.com/sold/86rE1sLfxA
797,https://www.grailed.com/sold/Hy7iZG7Tjg
798,https://www.grailed.com/sold/34jHrL_uSA
799,https://www.grailed.com/sold/PEJqQ29Tjw
800,https://www.grailed.com/sold/64DxBUK6HQ
801,https://www.grailed.com/sold/d3Dc8GpPGA
802,https://www.grailed.com/sold/TfmDXXla_w
803,https://www.grailed.com/sold/Nyzqip-jHw
804,https://www.grailed.com/sold/-fu8BkCFfg
805,https://www.grailed.com/sold/WxJM4KA_vw
806,https://www.grailed.com/sold/boLum2_Fiw
807,https://www.grailed.com/sold/vGF6OEiVSg
808,https://www.grailed.com/sold/OWX3PJ_b8Q
809,https://www.grailed.com/sold/HnO1mYx1qg
810,https://www.grailed.com/sold/rln9H5nb5g
811,https://www.grailed.com/sold/Xl58E2q9Yg
812,https://www.grailed.com/sold/Gb1ON7AVqw
813,https://www.grailed.com/sold/dcC8n66eOA
814,https://www.grailed.com/sold/1Dw3lpD9YA
815,https://www.grailed.com/sold/ycvzM8Hk6g
816,https://www.grailed.com/sold/vRcRHNIcFQ
817,https://www.grailed.com/sold/fdMjZjB-XA
818,https://www.grailed.com/sold/aV14HZKDYA
819,https://www.grailed.com/sold/ip3PcUnjTQ
820,https://www.grailed.com/sold/55391W6_zA
821,https://www.grailed.com/sold/-IJTCpjPSA
822,https://www.grailed.com/sold/iZlmY3uLNg
823,https://www.grailed.com/sold/IAmp8a4cPA
824,https://www.grailed.com/sold/Rbxdu7lDOw
825,https://www.grailed.com/sold/n5DwIuAQIg
826,https://www.grailed.com/sold/1w5lmbQaVw
827,https://www.grailed.com/sold/PrzSBDysIw
828,https://www.grailed.com/sold/Hly9-redjA
829,https://www.grailed.com/sold/2ChIX7vbMQ
830,https://www.grailed.com/sold/y15uoLPKfg
831,https://www.grailed.com/sold/S6F_Rlc_cA
832,https://www.grailed.com/sold/1OBAFxO9uQ
833,https://www.grailed.com/sold/j4YUqOyzdQ
834,https://www.grailed.com/sold/VPwlqaESEA
835,https://www.grailed.com/sold/jzzVg1SOBw
836,https://www.grailed.com/sold/2JiSEkqHhQ
837,https://www.grailed.com/sold/smPgipEBTQ
838,https://www.grailed.com/sold/YDm1UTut5g
839,https://www.grailed.com/sold/x3Bo-tOPkg
840,https://www.grailed.com/sold/b0PTKv6wbQ
841,https://www.grailed.com/sold/yR2-ibYrSg
842,https://www.grailed.com/sold/IehD5Ffx_Q
843,https://www.grailed.com/sold/wZg5POiSvw
844,https://www.grailed.com/sold/26Ul5lPu1Q
845,https://www.grailed.com/sold/1Nk7LnoRDQ
846,https://www.grailed.com/sold/5FLS7r1X0A
847,https://www.grailed.com/sold/YXy9sXjBxg
848,https://www.grailed.com/sold/yZ2qlK7g8Q
849,https://www.grailed.com/sold/ESSRvxt_-Q
850,https://www.grailed.com/sold/PXdcLJu2Hg
851,https://www.grailed.com/sold/dDGMM_2QKg
852,https://www.grailed.com/sold/Y9MqBVepKw
853,https://www.grailed.com/sold/Jor0u4-ILA
854,https://www.grailed.com/sold/0Ng6LyrzgA
855,https://www.grailed.com/sold/45jLTdzASg
856,https://www.grailed.com/sold/nGZ1_cgfcg
857,https://www.grailed.com/sold/pVpCQcpw5w
858,https://www.grailed.com/sold/IU_sEpdcWg
859,https://www.grailed.com/sold/PtE6AVZ4eA
860,https://www.grailed.com/sold/tPki9hxh3w
861,https://www.grailed.com/sold/AeJN2hFpKQ
862,https://www.grailed.com/sold/kh4_3SME1w
863,https://www.grailed.com/sold/gTV7ZOnzvw
864,https://www.grailed.com/sold/ihJ5VRO7ew
865,https://www.grailed.com/sold/37R5OcxGfQ
866,https://www.grailed.com/sold/CaRz4iRE0w
867,https://www.grailed.com/sold/NQV_RuwesA
868,https://www.grailed.com/sold/8_rmRK7N7w
869,https://www.grailed.com/sold/-m0gE1Dl9g
870,https://www.grailed.com/sold/kRqPokWTIg
871,https://www.grailed.com/sold/YhnDrvZK2w
872,https://www.grailed.com/sold/1AEVyYfJvg
873,https://www.grailed.com/sold/Wjovcfx0Tw
874,https://www.grailed.com/sold/N961tD9Saw
875,https://www.grailed.com/sold/2o324GObvg
876,https://www.grailed.com/sold/FyTVJ0J-sQ
877,https://www.grailed.com/sold/7smwJFhIzA
878,https://www.grailed.com/sold/1Ig8UL9NSg
879,https://www.grailed.com/sold/xjnHdq2o7w
880,https://www.grailed.com/sold/c-6Lwij28Q
881,https://www.grailed.com/sold/3y8vfvmlHQ
882,https://www.grailed.com/sold/imnrISffMA
883,https://www.grailed.com/sold/j39nNfS-TQ
884,https://www.grailed.com/sold/yc6Tx-rPYw
885,https://www.grailed.com/sold/A4vJ7tpkpw
886,https://www.grailed.com/sold/78nb9lhd0w
887,https://www.grailed.com/sold/QL1LqUtKJg
888,https://www.grailed.com/sold/nApy2iSR5Q
889,https://www.grailed.com/sold/v_tun2nBKQ
890,https://www.grailed.com/sold/oqcwRUO6VQ
891,https://www.grailed.com/sold/Nz-UnQoKCQ
892,https://www.grailed.com/sold/NsK1FJTTrg
893,https://www.grailed.com/sold/HnZLS-nTFg
894,https://www.grailed.com/sold/0QjdooIWrw
895,https://www.grailed.com/sold/CnyNCUUFnA
896,https://www.grailed.com/sold/74VG-x_okg
897,https://www.grailed.com/sold/6SxY8m_XIw
898,https://www.grailed.com/sold/Gu-aM6knaw
899,https://www.grailed.com/sold/XZV8jQWhoA
900,https://www.grailed.com/sold/GPqqMnOE3A
901,https://www.grailed.com/sold/RrAgs9dUlw
902,https://www.grailed.com/sold/wnQO7DHazg
903,https://www.grailed.com/sold/V2QxlS0VMQ
904,https://www.grailed.com/sold/UYot8uKzPQ
905,https://www.grailed.com/sold/Gl_11Yv9Sw
906,https://www.grailed.com/sold/2jjEFpibag
907,https://www.grailed.com/sold/IebkKuHUHQ
908,https://www.grailed.com/sold/UcKRk0OUsQ
909,https://www.grailed.com/sold/5zJzNJ8PLw
910,https://www.grailed.com/sold/yvg_bU2now
911,https://www.grailed.com/sold/utnijwQ9Dg
912,https://www.grailed.com/sold/rMXNNovA2Q
913,https://www.grailed.com/sold/mUaDuLhOpQ
914,https://www.grailed.com/sold/zNHKTss36w
915,https://www.grailed.com/sold/hiX03P5lWw
916,https://www.grailed.com/sold/hz9ZoSgDgg
917,https://www.grailed.com/sold/nsZ1LHj57Q
918,https://www.grailed.com/sold/r5LJwBNgNA
919,https://www.grailed.com/sold/qui1tEvu_w
920,https://www.grailed.com/sold/U0-OpHewvw
921,https://www.grailed.com/sold/Ayj0kmb0tg
922,https://www.grailed.com/sold/C7JRHXxrdg
923,https://www.grailed.com/sold/X9S0RmHE7Q
924,https://www.grailed.com/sold/4vKiKBW-cQ
925,https://www.grailed.com/sold/d7pt8G_aIA
926,https://www.grailed.com/sold/bDPujnvUKg
927,https://www.grailed.com/sold/449LPQXwXg
928,https://www.grailed.com/sold/ilYwmqCQbQ
929,https://www.grailed.com/sold/nHtQQIJGHg
930,https://www.grailed.com/sold/MbgnR2G0QQ
931,https://www.grailed.com/sold/_Mu9BblOnQ
932,https://www.grailed.com/sold/hSBqg2Mhjg
933,https://www.grailed.com/sold/yDevZobDIg
934,https://www.grailed.com/sold/a58alG9o_A
935,https://www.grailed.com/sold/9jo8wt8osQ
936,https://www.grailed.com/sold/4xZHxH99Xw
937,https://www.grailed.com/sold/pN749rg_aw
938,https://www.grailed.com/sold/8_c_juyQHw
939,https://www.grailed.com/sold/4be5H1_7aw
940,https://www.grailed.com/sold/wqB18jxKEA
941,https://www.grailed.com/sold/9U-W0UCMeA
942,https://www.grailed.com/sold/PVnzVsLtzw
943,https://www.grailed.com/sold/73x220T-IA
944,https://www.grailed.com/sold/WSXXXaUixA
945,https://www.grailed.com/sold/VJx3rrRN3A
946,https://www.grailed.com/sold/Pg0jMFigxg
947,https://www.grailed.com/sold/P0bkGszN7A
948,https://www.grailed.com/sold/4Jad34bJFQ
949,https://www.grailed.com/sold/Iye-FRiOqA
950,https://www.grailed.com/sold/a8GXlFyWLQ
951,https://www.grailed.com/sold/W74wDVWcZA
952,https://www.grailed.com/sold/1aiixDuPiw
953,https://www.grailed.com/sold/Cunzc5srog
954,https://www.grailed.com/sold/6MrPsh2Riw
955,https://www.grailed.com/sold/IrQ_1UKTBA
956,https://www.grailed.com/sold/rEebHCW-Ww
957,https://www.grailed.com/sold/F6ZXagZX7Q
958,https://www.grailed.com/sold/-EuYllXpYw
959,https://www.grailed.com/sold/RCZ4og33TA
960,https://www.grailed.com/sold/RXo5e4TLmA
961,https://www.grailed.com/sold/niSXDJmZnA
962,https://www.grailed.com/sold/ujDwsdoUjQ
963,https://www.grailed.com/sold/OoSMqQKF_Q
964,https://www.grailed.com/sold/rzuXoiMDBg
965,https://www.grailed.com/sold/pW5LtMLnIA
966,https://www.grailed.com/sold/Ll4T9dhPow
967,https://www.grailed.com/sold/-IXH5aYg4w
968,https://www.grailed.com/sold/BXbhcdADcA
969,https://www.grailed.com/sold/JdPlwSjl8w
970,https://www.grailed.com/sold/fVWcNcOl4A
971,https://www.grailed.com/sold/SC_DsfC_8Q
972,https://www.grailed.com/sold/OmhLKjqHfg
973,https://www.grailed.com/sold/zbythxzyFQ
974,https://www.grailed.com/sold/N9vJogo_dg
975,https://www.grailed.com/sold/17XrfgZpZg
976,https://www.grailed.com/sold/XU-_WxVYng
977,https://www.grailed.com/sold/H5Vj7TfUoQ
978,https://www.grailed.com/sold/jLX2wJWu2w
979,https://www.grailed.com/sold/qBQReFoG0g
980,https://www.grailed.com/sold/TMCEQm_Xaw
981,https://www.grailed.com/sold/bPanJyObrw
982,https://www.grailed.com/sold/tJAkRDkkQg
983,https://www.grailed.com/sold/F-3uyYZaZQ
984,https://www.grailed.com/sold/NjbEJ4NcVA
985,https://www.grailed.com/sold/goK4hzODGA
986,https://www.grailed.com/sold/o7B67xro3w
987,https://www.grailed.com/sold/Yj_V115DZg
988,https://www.grailed.com/sold/OywkkmpmCg
989,https://www.grailed.com/sold/wh-YLV42Pw
990,https://www.grailed.com/sold/iqrWOJy5VA
991,https://www.grailed.com/sold/UwsCuSCJeA
992,https://www.grailed.com/sold/w3GPVaHcfg
993,https://www.grailed.com/sold/pA2Q_PU9tA
994,https://www.grailed.com/sold/w-RYOxNPkA
995,https://www.grailed.com/sold/uslwk0b8Jg
996,https://www.grailed.com/sold/lTGrIm5uuQ
997,https://www.grailed.com/sold/tR-k-Otpog
998,https://www.grailed.com/sold/kEZTYH_3mw
